from,to,relation,weight
FrCi,Ana,1,99
LeFiPe,Ana,1,99
LeFiDePi,Ana,1,99
AuRhAlCi,Ana,1,99
DeDeLaChMa,Ana,2,1
ReAu,Ana,2,1
ReNo,Ana,2,1
CeNaDuCiEtDeLiAn,Ana,2,1
malu,dath,3,99
dath,malu,3,99
dath,Ana,1,99
malu,Ana,1,99
DeDeLaChMa,LeFiPe,2,1
DeDeLaChMa,LeFiDePi,2,1
DeDeLaChMa,FrCi,2,1
DeDeLaChMa,AuRhAlCi,2,1
ReAu,FrCi,2,1
ReAu,LeFiPe,2,1
ReAu,LeFiDePi,2,1
ReAu,AuRhAlCi,2,1
ReNo,FrCi,2,1
ReNo,LeFiPe,2,1
ReNo,AuRhAlCi,2,1
ReNo,LeFiDePi,2,1
CeNaDuCiEtDeLiAn,FrCi,2,2
CeNaDuCiEtDeLiAn,LeFiPe,2,1
CeNaDuCiEtDeLiAn,LeFiDePi,2,1
CeNaDuCiEtDeLiAn,AuRhAlCi,2,1
FrCi,malu,3,99
LeFiPe,malu,3,99
LeFiDePi,malu,3,99
AuRhAlCi,malu,3,99
FrCi,dath,3,99
LeFiPe,dath,3,99
LeFiDePi,dath,3,99
AuRhAlCi,dath,3,99
malu,FrCi,3,99
malu,LeFiPe,3,99
malu,LeFiDePi,3,99
malu,AuRhAlCi,3,99
dath,FrCi,3,99
dath,LeFiPe,3,99
dath,LeFiDePi,3,99
dath,AuRhAlCi,3,99
edgu,Poo,1,99
emst,Poo,1,99
anlo,Poo,1,99
dami,Poo,1,99
ilke,Poo,1,99
kama,Poo,1,99
yola,Poo,1,99
edgu,emst,3,99
edgu,yola,3,99
edgu,dami,3,99
edgu,ilke,3,99
edgu,kama,3,99
edgu,anlo,3,99
emst,dami,3,99
emst,ilke,3,99
emst,kama,3,99
emst,edgu,3,99
emst,anlo,3,99
emst,yola,3,99
anlo,dami,3,99
anlo,ilke,3,99
anlo,kama,3,99
anlo,edgu,3,99
anlo,emst,3,99
anlo,yola,3,99
yola,dami,3,99
yola,ilke,3,99
yola,kama,3,99
yola,edgu,3,99
yola,emst,3,99
yola,anlo,3,99
dami,ilke,3,99
dami,kama,3,99
dami,edgu,3,99
dami,emst,3,99
dami,anlo,3,99
dami,yola,3,99
ilke,dami,3,99
ilke,kama,3,99
ilke,edgu,3,99
ilke,emst,3,99
ilke,anlo,3,99
ilke,yola,3,99
kama,dami,3,99
kama,ilke,3,99
kama,edgu,3,99
kama,emst,3,99
kama,anlo,3,99
kama,yola,3,99
ElPi,Poo,1,99
FrTr,Poo,1,99
SePi,Poo,1,99
FiPr,Poo,1,99
emst,ElPi,3,99
emst,FrTr,3,99
emst,SePi,3,99
emst,FiPr,3,99
edgu,ElPi,3,99
edgu,FrTr,3,99
edgu,SePi,3,99
edgu,FiPr,3,99
anlo,ElPi,3,99
anlo,FrTr,3,99
anlo,SePi,3,99
anlo,FiPr,3,99
yola,ElPi,3,99
yola,FrTr,3,99
yola,SePi,3,99
yola,FiPr,3,99
dami,ElPi,3,99
dami,FrTr,3,99
dami,SePi,3,99
dami,FiPr,3,99
ilke,ElPi,3,99
ilke,FrTr,3,99
ilke,SePi,3,99
ilke,FiPr,3,99
kama,ElPi,3,99
kama,FrTr,3,99
kama,SePi,3,99
kama,FiPr,3,99
ElPi,emst,3,99
FrTr,emst,3,99
SePi,emst,3,99
FiPr,emst,3,99
ElPi,dami,3,99
FrTr,dami,3,99
SePi,dami,3,99
FiPr,dami,3,99
ElPi,ilke,3,99
FrTr,ilke,3,99
SePi,ilke,3,99
FiPr,ilke,3,99
ElPi,kama,3,99
FrTr,kama,3,99
SePi,kama,3,99
FiPr,kama,3,99
ElPi,edgu,3,99
FrTr,edgu,3,99
SePi,edgu,3,99
FiPr,edgu,3,99
ElPi,anlo,3,99
FrTr,anlo,3,99
SePi,anlo,3,99
FiPr,anlo,3,99
ElPi,yola,3,99
FrTr,yola,3,99
SePi,yola,3,99
FiPr,yola,3,99
CoInFi,Mant,1,99
alah,Mant,1,99
side,Mant,1,99
alah,side,3,99
side,alah,3,99
CoInFi,alah,3,99
CoInFi,side,3,99
alah,CoInFi,3,99
side,CoInFi,3,99
EsFi,Reg,1,99
StMo,Reg,1,99
BuPr,Reg,1,99
Im,Reg,1,99
tale,Reg,1,99
jumu,Reg,1,99
tale,jumu,3,99
jumu,tale,3,99
EsFi,tale,3,99
StMo,tale,3,99
BuPr,tale,3,99
Im,tale,3,99
EsFi,jumu,3,99
StMo,jumu,3,99
BuPr,jumu,3,99
Im,jumu,3,99
tale,EsFi,3,99
tale,StMo,3,99
tale,BuPr,3,99
tale,Im,3,99
jumu,EsFi,3,99
jumu,StMo,3,99
jumu,BuPr,3,99
jumu,Im,3,99
LoFi,Cho,1,99
SnFi,Cho,1,99
Pi,Cho,1,99
ReCiBeDo,Cho,1,99
joba,Cho,1,99
saga,Cho,1,99
bedo,Cho,1,99
maro,Cho,1,99
joba,saga,3,99
joba,bedo,3,99
joba,maro,3,99
maro,saga,3,99
maro,bedo,3,99
maro,joba,3,99
bedo,joba,3,99
bedo,saga,3,99
bedo,maro,3,99
saga,joba,3,99
bedo,joba,3,99
saga,maro,3,99
bedo,maro,3,99
joba,maro,3,99
joba,bedo,3,99
saga,bedo,3,99
LoFi,joba,3,99
LoFi,saga,3,99
LoFi,bedo,3,99
LoFi,maro,3,99
SnFi,joba,3,99
SnFi,saga,3,99
SnFi,bedo,3,99
SnFi,maro,3,99
Pi,joba,3,99
Pi,saga,3,99
Pi,bedo,3,99
Pi,maro,3,99
ReCiBeDo,joba,3,99
ReCiBeDo,saga,3,99
ReCiBeDo,bedo,3,99
ReCiBeDo,maro,3,99
joba,LoFi,3,99
saga,LoFi,3,99
bedo,LoFi,3,99
maro,LoFi,3,99
joba,SnFi,3,99
saga,SnFi,3,99
bedo,SnFi,3,99
maro,SnFi,3,99
joba,Pi,3,99
saga,Pi,3,99
bedo,Pi,3,99
maro,Pi,3,99
joba,ReCiBeDo,3,99
saga,ReCiBeDo,3,99
bedo,ReCiBeDo,3,99
maro,ReCiBeDo,3,99
PaFi,Sep,1,99
PhFi,Sep,1,99
EwFi,Sep,1,99
MaFaPr,Sep,1,99
BoIn,Sep,1,99
MoFiHaSc,Sep,2,1
muza,Sep,1,99
meta,Sep,1,99
faak,Sep,1,99
vifü,Sep,1,99
reju,Sep,1,99
nupo,Sep,1,99
nagu,Sep,1,99
miwe,Sep,1,99
lawe,Sep,1,99
muza,lawe,3,99
muza,miwe,3,99
muza,nagu,3,99
muza,beta,3,99
muza,nupo,3,99
muza,reju,3,99
muza,vifü,3,99
muza,faak,3,99
muza,meta,3,99
lawe,meta,3,99
lawe,muza,3,99
lawe,meta,3,99
lawe,faak,3,99
lawe,vifü,3,99
lawe,reju,3,99
lawe,nupo,3,99
lawe,beta,3,99
lawe,nagu,3,99
lawe,miwe,3,99
miwe,muza,3,99
miwe,meta,3,99
miwe,faak,3,99
miwe,vifü,3,99
miwe,reju,3,99
miwe,nupo,3,99
miwe,beta,3,99
miwe,nagu,3,99
miwe,lawe,3,99
nagu,muza,3,99
nagu,meta,3,99
nagu,faak,3,99
nagu,vifü,3,99
nagu,reju,3,99
nagu,nupo,3,99
nagu,beta,3,99
nagu,miwe,3,99
nagu,lawe,3,99
beta,muza,3,99
beta,meta,3,99
beta,faak,3,99
beta,vifü,3,99
beta,reju,3,99
beta,nupo,3,99
beta,nagu,3,99
beta,miwe,3,99
beta,lawe,3,99
nupo,muza,3,99
nupo,meta,3,99
nupo,faak,3,99
nupo,vifü,3,99
nupo,reju,3,99
nupo,beta,3,99
nupo,nagu,3,99
nupo,miwe,3,99
nupo,lawe,3,99
reju,muza,3,99
reju,meta,3,99
reju,faak,3,99
reju,vifü,3,99
reju,nupo,3,99
reju,beta,3,99
reju,nagu,3,99
reju,miwe,3,99
reju,lawe,3,99
vifü,muza,3,99
vifü,meta,3,99
vifü,faak,3,99
vifü,reju,3,99
vifü,nupo,3,99
vifü,beta,3,99
vifü,nagu,3,99
vifü,miwe,3,99
vifü,lawe,3,99
faak,muza,3,99
faak,meta,3,99
faak,vifü,3,99
faak,reju,3,99
faak,nupo,3,99
faak,beta,3,99
faak,nagu,3,99
faak,miwe,3,99
faak,lawe,3,99
meta,muza,3,99
meta,faak,3,99
meta,vifü,3,99
meta,reju,3,99
meta,nupo,3,99
meta,beta,3,99
meta,nagu,3,99
meta,miwe,3,99
meta,lawe,3,99
MoFiHaSc,PaFi,2,1
MoFiHaSc,PhFi,2,1
MoFiHaSc,EwFi,2,1
MoFiHaSc,MaFaPr,2,1
MoFiHaSc,BoIn,2,1
PaFi,muza,3,99
PaFi,meta,3,99
PaFi,faak,3,99
PaFi,vifü,3,99
PaFi,reju,3,99
PaFi,nupo,3,99
PaFi,beta,3,99
PaFi,nagu,3,99
PaFi,miwe,3,99
PaFi,lawe,3,99
PhFi,muza,3,99
PhFi,meta,3,99
PhFi,faak,3,99
PhFi,vifü,3,99
PhFi,reju,3,99
PhFi,nupo,3,99
PhFi,beta,3,99
PhFi,nagu,3,99
PhFi,miwe,3,99
PhFi,lawe,3,99
EwFi,muza,3,99
EwFi,meta,3,99
EwFi,faak,3,99
EwFi,vifü,3,99
EwFi,reju,3,99
EwFi,nupo,3,99
EwFi,beta,3,99
EwFi,nagu,3,99
EwFi,miwe,3,99
EwFi,lawe,3,99
MaFaPr,muza,3,99
MaFaPr,meta,3,99
MaFaPr,faak,3,99
MaFaPr,vifü,3,99
MaFaPr,reju,3,99
MaFaPr,nupo,3,99
MaFaPr,beta,3,99
MaFaPr,nagu,3,99
MaFaPr,miwe,3,99
MaFaPr,lawe,3,99
BoIn,muza,3,99
BoIn,meta,3,99
BoIn,faak,3,99
BoIn,vifü,3,99
BoIn,reju,3,99
BoIn,nupo,3,99
BoIn,beta,3,99
BoIn,nagu,3,99
BoIn,miwe,3,99
BoIn,lawe,3,99
muza,PaFi,3,99
meta,PaFi,3,99
faak,PaFi,3,99
vifü,PaFi,3,99
reju,PaFi,3,99
nupo,PaFi,3,99
beta,PaFi,3,99
nagu,PaFi,3,99
miwe,PaFi,3,99
lawe,PaFi,3,99
muza,PhFi,3,99
meta,PhFi,3,99
faak,PhFi,3,99
vifü,PhFi,3,99
reju,PhFi,3,99
nupo,PhFi,3,99
beta,PhFi,3,99
nagu,PhFi,3,99
miwe,PhFi,3,99
lawe,PhFi,3,99
muza,EwFi,3,99
meta,EwFi,3,99
faak,EwFi,3,99
vifü,EwFi,3,99
reju,EwFi,3,99
nupo,EwFi,3,99
beta,EwFi,3,99
nagu,EwFi,3,99
miwe,EwFi,3,99
lawe,EwFi,3,99
muza,MaFaPr,3,99
meta,MaFaPr,3,99
faak,MaFaPr,3,99
vifü,MaFaPr,3,99
reju,MaFaPr,3,99
nupo,MaFaPr,3,99
beta,MaFaPr,3,99
nagu,MaFaPr,3,99
miwe,MaFaPr,3,99
lawe,MaFaPr,3,99
muza,BoIn,3,99
meta,BoIn,3,99
faak,BoIn,3,99
vifü,BoIn,3,99
reju,BoIn,3,99
nupo,BoIn,3,99
beta,BoIn,3,99
nagu,BoIn,3,99
miwe,BoIn,3,99
lawe,BoIn,3,99
OpFi,Vit,1,99
abch,Vit,1,99
OpFi,abch,3,99
abch,OpFi,3,99
EsFiPr,Tri,1,99
PlPr,Tri,1,99
CoOf,Tri,1,99
SvTeAb,Tri,1,99
ArFrCi,Tri,1,99
NoFi,Tri,1,99
He,Tri,1,99
BoCaFiSa,Tri,1,99
SoFi,Tri,1,99
SoPaDePr,Tri,2,1
Fi,Tri,2,1
NoFiTv,EsFiPr,2,2
NoFiTv,PlPr,2,1
NoFiTv,CoOf,2,2
NoFiTv,SvTeAb,2,2
NoFiTv,ArFrCi,2,2
NoFiTv,NoFi,2,1
NoFiTv,He,2,1
NoFiTv,BoCaFiSa,2,1
NoFiTv,SoFi,2,1
NoFiTv,SoPaDePr,2,1
NoFiTv,Tri,2,1
GrFiCe,Tri,2,1
MeBe,Tri,2,1
MoFiHaSc,Tri,2,1
FiIVä,Tri,2,1
DeDaFi,Tri,2,1
BrFiIn,Tri,2,1
SvFi,Tri,2,1
CrEuMe,Tri,2,1
Eu,Tri,2,1
phbo,Tri,1,99
erhe,Tri,1,99
clkö,Tri,1,99
phbo,erhe,3,99
erhe,phbo,3,99
clkö,erhe,3,99
clkö,phbo,3,99
phbo,clkö,3,99
erhe,clkö,3,99
Fi,EsFiPr,2,2
GrFiCe,EsFiPr,2,1
MeBe,EsFiPr,2,2
MoFiHaSc,EsFiPr,2,1
FiIVä,EsFiPr,2,1
DeDaFi,EsFiPr,2,1
BrFiIn,EsFiPr,2,1
SvFi,EsFiPr,2,2
CrEuMe,EsFiPr,2,2
Eu,EsFiPr,2,2
Fi,PlPr,2,2
GrFiCe,PlPr,2,1
MeBe,PlPr,2,2
MoFiHaSc,PlPr,2,1
FiIVä,PlPr,2,1
DeDaFi,PlPr,2,1
BrFiIn,PlPr,2,1
SvFi,PlPr,2,1
CrEuMe,PlPr,2,2
Eu,PlPr,2,1
Fi,CoOf,2,2
GrFiCe,CoOf,2,1
MeBe,CoOf,2,2
MoFiHaSc,CoOf,2,1
FiIVä,CoOf,2,1
DeDaFi,CoOf,2,1
BrFiIn,CoOf,2,1
SvFi,CoOf,2,2
CrEuMe,CoOf,2,2
Eu,CoOf,2,2
Fi,SvTeAb,2,2
GrFiCe,SvTeAb,2,1
MeBe,SvTeAb,2,2
MoFiHaSc,SvTeAb,2,1
FiIVä,SvTeAb,2,1
DeDaFi,SvTeAb,2,1
BrFiIn,SvTeAb,2,1
SvFi,SvTeAb,2,2
CrEuMe,SvTeAb,2,2
Eu,SvTeAb,2,2
Fi,ArFrCi,2,4
GrFiCe,ArFrCi,2,1
MeBe,ArFrCi,2,3
MoFiHaSc,ArFrCi,2,1
FiIVä,ArFrCi,2,1
DeDaFi,ArFrCi,2,1
BrFiIn,ArFrCi,2,1
SvFi,ArFrCi,2,2
CrEuMe,ArFrCi,2,2
Eu,ArFrCi,2,4
Fi,NoFi,2,1
GrFiCe,NoFi,2,1
MeBe,NoFi,2,1
MoFiHaSc,NoFi,2,1
FiIVä,NoFi,2,2
DeDaFi,NoFi,2,2
BrFiIn,NoFi,2,1
SvFi,NoFi,2,1
CrEuMe,NoFi,2,2
Eu,NoFi,2,2
Fi,He,2,1
GrFiCe,He,2,1
MeBe,He,2,1
MoFiHaSc,He,2,1
FiIVä,He,2,1
DeDaFi,He,2,1
BrFiIn,He,2,1
SvFi,He,2,1
CrEuMe,He,2,1
Eu,He,2,1
Fi,BoCaFiSa,2,1
GrFiCe,BoCaFiSa,2,1
MeBe,BoCaFiSa,2,1
MoFiHaSc,BoCaFiSa,2,1
FiIVä,BoCaFiSa,2,1
DeDaFi,BoCaFiSa,2,1
BrFiIn,BoCaFiSa,2,1
SvFi,BoCaFiSa,2,1
CrEuMe,BoCaFiSa,2,1
Eu,BoCaFiSa,2,1
Fi,SoFi,2,1
GrFiCe,SoFi,2,1
MeBe,SoFi,2,1
MoFiHaSc,SoFi,2,1
FiIVä,SoFi,2,1
DeDaFi,SoFi,2,1
BrFiIn,SoFi,2,1
SvFi,SoFi,2,1
CrEuMe,SoFi,2,1
Eu,SoFi,2,1
Fi,SoPaDePr,2,2
GrFiCe,SoPaDePr,2,1
MeBe,SoPaDePr,2,2
MoFiHaSc,SoPaDePr,2,1
FiIVä,SoPaDePr,2,1
DeDaFi,SoPaDePr,2,1
BrFiIn,SoPaDePr,2,1
SvFi,SoPaDePr,2,1
CrEuMe,SoPaDePr,2,2
Eu,SoPaDePr,2,1
EsFiPr,phbo,3,99
PlPr,phbo,3,99
CoOf,phbo,3,99
SvTeAb,phbo,3,99
ArFrCi,phbo,3,99
NoFi,phbo,3,99
He,phbo,3,99
BoCaFiSa,phbo,3,99
SoFi,phbo,3,99
SoPaDePr,phbo,3,99
phbo,EsFiPr,3,99
phbo,PlPr,3,99
phbo,CoOf,3,99
phbo,SvTeAb,3,99
phbo,ArFrCi,3,99
phbo,NoFi,3,99
phbo,He,3,99
phbo,BoCaFiSa,3,99
phbo,SoFi,3,99
phbo,SoPaDePr,3,99
EsFiPr,erhe,3,99
PlPr,erhe,3,99
CoOf,erhe,3,99
SvTeAb,erhe,3,99
ArFrCi,erhe,3,99
NoFi,erhe,3,99
He,erhe,3,99
BoCaFiSa,erhe,3,99
SoFi,erhe,3,99
SoPaDePr,erhe,3,99
erhe,EsFiPr,3,99
erhe,PlPr,3,99
erhe,CoOf,3,99
erhe,SvTeAb,3,99
erhe,ArFrCi,3,99
erhe,NoFi,3,99
erhe,He,3,99
erhe,BoCaFiSa,3,99
erhe,SoFi,3,99
erhe,SoPaDePr,3,99
clkö,EsFiPr,3,99
clkö,PlPr,3,99
clkö,CoOf,3,99
clkö,SvTeAb,3,99
clkö,ArFrCi,3,99
clkö,NoFi,3,99
clkö,He,3,99
clkö,BoCaFiSa,3,99
clkö,SoFi,3,99
clkö,SoPaDePr,3,99
EsFiPr,clkö,3,99
PlPr,clkö,3,99
CoOf,clkö,3,99
SvTeAb,clkö,3,99
ArFrCi,clkö,3,99
NoFi,clkö,3,99
He,clkö,3,99
BoCaFiSa,clkö,3,99
SoFi,clkö,3,99
SoPaDePr,clkö,3,99
NoFi,Ano,1,99
FiIVä,Ano,2,1
DeDaFi,Ano,2,1
Eu,Ano,2,1
NeFiFu,Ano,2,1
SwFiIn,Ano,2,1
NeFiPrIn,Ano,2,1
CrEuMe,Ano,2,1
kadi,Ano,1,99
sijo,Ano,1,99
kadi,sijo,3,99
sijo,kadi,3,99
FiIVä,NoFi,2,2
DeDaFi,NoFi,2,2
Eu,NoFi,2,2
NeFiFu,NoFi,2,1
SwFiIn,NoFi,2,1
NeFiPrIn,NoFi,2,1
CrEuMe,NoFi,2,2
NoFi,sijo,3,99
sijo,NoFi,3,99
kadi,NoFi,3,99
NoFi,kadi,3,99
KaPr,Tit,1,99
FrPr,Tit,1,99
ArFrCi,Tit,1,99
GaFoFoFi,Tit,2,1
CeNaDuCiEtDeLiAn,Tit,2,1
FiPaRe,Tit,2,1
Eu,Tit,2,1
jero,Tit,1,99
amov,Tit,1,99
jere,Tit,1,99
cawa,Tit,1,99
jero,amov,3,99
jero,jere,3,99
jero,cawa,3,99
amov,jero,3,99
amov,jere,3,99
amov,cawa,3,99
jere,jero,3,99
jere,amov,3,99
jere,cawa,3,99
cawa,amov,3,99
cawa,jere,3,99
cawa,jero,3,99
GaFoFoFi,KaPr,2,1
CeNaDuCiEtDeLiAn,KaPr,2,1
FiPaRe,KaPr,2,1
Eu,KaPr,2,1
GaFoFoFi,FrPr,2,1
CeNaDuCiEtDeLiAn,FrPr,2,1
FiPaRe,FrPr,2,1
Eu,FrPr,2,1
GaFoFoFi,ArFrCi,2,1
CeNaDuCiEtDeLiAn,ArFrCi,2,3
FiPaRe,ArFrCi,2,1
Eu,ArFrCi,2,4
KaPr,jero,3,99
FrPr,jero,3,99
ArFrCi,jero,3,99
KaPr,amov,3,99
FrPr,amov,3,99
ArFrCi,amov,3,99
KaPr,jere,3,99
FrPr,jere,3,99
ArFrCi,jere,3,99
KaPr,cawa,3,99
FrPr,cawa,3,99
ArFrCi,cawa,3,99
jero,KaPr,3,99
jero,FrPr,3,99
jero,ArFrCi,3,99
amov,KaPr,3,99
amov,FrPr,3,99
amov,ArFrCi,3,99
jere,KaPr,3,99
jere,FrPr,3,99
jere,ArFrCi,3,99
cawa,KaPr,3,99
cawa,FrPr,3,99
cawa,ArFrCi,3,99
Ba,Gis,1,99
CjEn,Gis,1,99
KoDeBa,Gis,2,1
RyPsAsMa,Gis,2,1
kwae,Gis,1,99
boho,Gis,1,99
mokw,Gis,1,99
jahw,Gis,1,99
boho,kwae,3,99
mokw,kwae,3,99
jahw,kwae,3,99
kwae,boho,3,99
mokw,boho,3,99
jahw,boho,3,99
kwae,mokw,3,99
boho,mokw,3,99
jahw,mokw,3,99
kwae,jahw,3,99
boho,jahw,3,99
mokw,jahw,3,99
KoDeBa,Ba,2,1
RyPsAsMa,Ba,2,1
KoDeBa,CjEn,2,1
RyPsAsMa,CjEn,2,1
Ba,kwae,3,99
CjEn,kwae,3,99
Ba,boho,3,99
CjEn,boho,3,99
Ba,mokw,3,99
CjEn,mokw,3,99
Ba,jahw,3,99
CjEn,jahw,3,99
kwae,Ba,3,99
boho,Ba,3,99
mokw,Ba,3,99
jahw,Ba,3,99
kwae,CjEn,3,99
boho,CjEn,3,99
mokw,CjEn,3,99
jahw,CjEn,3,99
TsPr,Sur,1,99
Lo,Sur,1,99
CeNaDuCiEtDeLiAn,Sur,2,1
celo,Sur,1,99
gisa,Sur,1,99
mipo,Sur,1,99
noha,Sur,1,99
celo,gisa,3,99
celo,mipo,3,99
celo,noha,3,99
gisa,mipo,3,99
gisa,noha,3,99
mipo,noha,3,99
FiPaRe,Sur,2,1
FiPaRe,Lo,2,1
CeNaDuCiEtDeLiAn,TsPr,2,1
CeNaDuCiEtDeLiAn,Lo,2,1
FiPaRe,TsPr,2,1
TsPr,celo,3,99
TsPr,gisa,3,99
TsPr,mipo,3,99
TsPr,noha,3,99
gisa,celo,3,99
mipo,celo,3,99
noha,celo,3,99
mipo,gisa,3,99
noha,gisa,3,99
noha,mipo,3,99
celo,TsPr,3,99
gisa,TsPr,3,99
mipo,TsPr,3,99
noha,TsPr,3,99
Lo,celo,3,99
Lo,gisa,3,99
Lo,mipo,3,99
Lo,noha,3,99
celo,Lo,3,99
gisa,Lo,3,99
mipo,Lo,3,99
noha,Lo,3,99
maza,Alc,1,99
stsc,Alc,1,99
tofo,Alc,1,99
semo,Alc,1,99
gipo,Alc,1,99
ElFi,Alc,1,99
Av,Alc,1,99
KiPr,Alc,1,99
ViFi,Alc,1,99
Eu,Alc,2,1
maza,stsc,3,99
maza,tofo,3,99
maza,semo,3,99
maza,gipo,3,99
stsc,maza,3,99
stsc,gipo,3,99
stsc,tofo,3,99
stsc,semo,3,99
tofo,maza,3,99
tofo,stsc,3,99
tofo,gipo,3,99
tofo,semo,3,99
semo,maza,3,99
semo,stsc,3,99
semo,tofo,3,99
semo,gipo,3,99
gipo,maza,3,99
gipo,stsc,3,99
gipo,tofo,3,99
gipo,semo,3,99
Eu,ElFi,2,1
Eu,Av,2,1
Eu,KiPr,2,1
Eu,ViFi,2,1
ElFi,maza,3,99
ElFi,stsc,3,99
ElFi,tofo,3,99
ElFi,semo,3,99
ElFi,gipo,3,99
maza,ElFi,3,99
stsc,ElFi,3,99
tofo,ElFi,3,99
semo,ElFi,3,99
gipo,ElFi,3,99
Av,maza,3,99
Av,stsc,3,99
Av,tofo,3,99
Av,semo,3,99
Av,gipo,3,99
maza,Av,3,99
stsc,Av,3,99
tofo,Av,3,99
semo,Av,3,99
gipo,Av,3,99
KiPr,maza,3,99
KiPr,stsc,3,99
KiPr,tofo,3,99
KiPr,semo,3,99
KiPr,gipo,3,99
maza,KiPr,3,99
stsc,KiPr,3,99
tofo,KiPr,3,99
semo,KiPr,3,99
gipo,KiPr,3,99
ViFi,maza,3,99
ViFi,stsc,3,99
ViFi,tofo,3,99
ViFi,semo,3,99
ViFi,gipo,3,99
maza,ViFi,3,99
stsc,ViFi,3,99
tofo,ViFi,3,99
semo,ViFi,3,99
gipo,ViFi,3,99
adso,Bab,1,99
path,Bab,1,99
adch,Bab,1,99
jiko,Bab,1,99
anti,Bab,1,99
En,Bab,1,99
Ki,Bab,1,99
MiFi,Bab,1,99
PaThDi,Bab,1,99
CeNaDuCiEtDeLiAn,Bab,2,1
FiFuLu,Bab,2,1
CzFiFu,Bab,2,1
CrAuCe,Bab,2,1
adso,anti,3,99
path,path,3,99
adch,adch,3,99
jiko,jiko,3,99
path,adso,3,99
path,anti,3,99
path,adch,3,99
path,jiko,3,99
adch,adso,3,99
adch,path,3,99
adch,anti,3,99
adch,jiko,3,99
jiko,adso,3,99
jiko,path,3,99
jiko,adch,3,99
jiko,anti,3,99
anti,adso,3,99
anti,path,3,99
anti,adch,3,99
anti,jiko,3,99
CeNaDuCiEtDeLiAn,En,2,1
CeNaDuCiEtDeLiAn,Ki,2,1
CeNaDuCiEtDeLiAn,MiFi,2,1
CeNaDuCiEtDeLiAn,PaThDi,2,1
FiFuLu,En,2,1
FiFuLu,Ki,2,1
FiFuLu,MiFi,2,1
FiFuLu,PaThDi,2,1
CzFiFu,En,2,1
CzFiFu,Ki,2,1
CzFiFu,MiFi,2,1
CzFiFu,PaThDi,2,1
CrAuCe,En,2,1
CrAuCe,Ki,2,1
CrAuCe,MiFi,2,1
CrAuCe,PaThDi,2,1
En,adso,3,99
En,path,3,99
En,adch,3,99
En,jiko,3,99
En,anti,3,99
adso,En,3,99
path,En,3,99
adch,En,3,99
jiko,En,3,99
anti,En,3,99
Ki,adso,3,99
Ki,path,3,99
Ki,adch,3,99
Ki,jiko,3,99
Ki,anti,3,99
adso,Ki,3,99
path,Ki,3,99
adch,Ki,3,99
jiko,Ki,3,99
anti,Ki,3,99
MiFi,adso,3,99
MiFi,path,3,99
MiFi,adch,3,99
MiFi,jiko,3,99
MiFi,anti,3,99
adso,MiFi,3,99
path,MiFi,3,99
adch,MiFi,3,99
jiko,MiFi,3,99
anti,MiFi,3,99
PaThDi,adso,3,99
PaThDi,path,3,99
PaThDi,adch,3,99
PaThDi,jiko,3,99
PaThDi,anti,3,99
adso,PaThDi,3,99
path,PaThDi,3,99
adch,PaThDi,3,99
jiko,PaThDi,3,99
anti,PaThDi,3,99
mora,She,1,99
kafa,She,1,99
fapa,She,1,99
CoFi,She,1,99
EuMeNe,She,1,99
FiInIr,She,1,99
MoFiHaSc,She,2,1
mora,kafa,3,99
mora,fapa,3,99
kafa,mora,3,99
kafa,fapa,3,99
fapa,mora,3,99
fapa,kafa,3,99
MoFiHaSc,CoFi,2,1
MoFiHaSc,EuMeNe,2,1
MoFiHaSc,FiInIr,2,1
CoFi,mora,3,99
CoFi,kafa,3,99
CoFi,fapa,3,99
mora,CoFi,3,99
kafa,CoFi,3,99
fapa,CoFi,3,99
EuMeNe,mora,3,99
EuMeNe,kafa,3,99
EuMeNe,fapa,3,99
mora,EuMeNe,3,99
kafa,EuMeNe,3,99
fapa,EuMeNe,3,99
FiInIr,mora,3,99
FiInIr,kafa,3,99
FiInIr,fapa,3,99
mora,FiInIr,3,99
kafa,FiInIr,3,99
fapa,FiInIr,3,99
sasa,Syn,1,99
mime,Syn,1,99
oske,Syn,1,99
takl,Syn,1,99
jaja,Syn,1,99
jodo,Syn,1,99
maad,Syn,1,99
olpe,Syn,1,99
rebu,Syn,1,99
SbFi,Syn,1,99
KoFi,Syn,1,99
ArFrCi,Syn,1,99
PiFi,Syn,1,99
AiAuCiDuMo,Syn,2,1
DeFö,Syn,2,1
Fi,Syn,2,1
CeNaDuCiEtDeLiAn,Syn,2,1
sasa,mime,3,99
sasa,oske,3,99
sasa,takl,3,99
sasa,jaja,3,99
sasa,jodo,3,99
sasa,maad,3,99
sasa,olpe,3,99
sasa,rebu,3,99
mime,sasa,3,99
mime,olpe,3,99
mime,oske,3,99
mime,takl,3,99
mime,jaja,3,99
mime,jodo,3,99
mime,maad,3,99
oske,sasa,3,99
oske,mime,3,99
oske,rebu,3,99
oske,takl,3,99
oske,jaja,3,99
oske,jodo,3,99
oske,maad,3,99
oske,olpe,3,99
takl,sasa,3,99
takl,mime,3,99
takl,oske,3,99
takl,rebu,3,99
takl,jaja,3,99
takl,jodo,3,99
takl,maad,3,99
takl,olpe,3,99
jaja,sasa,3,99
jaja,mime,3,99
jaja,oske,3,99
jaja,takl,3,99
jaja,rebu,3,99
jaja,jodo,3,99
jaja,maad,3,99
jaja,olpe,3,99
jodo,sasa,3,99
jodo,mime,3,99
jodo,oske,3,99
jodo,takl,3,99
jodo,jaja,3,99
jodo,rebu,3,99
jodo,maad,3,99
jodo,olpe,3,99
maad,sasa,3,99
maad,mime,3,99
maad,oske,3,99
maad,takl,3,99
maad,jaja,3,99
maad,jodo,3,99
maad,rebu,3,99
maad,olpe,3,99
olpe,sasa,3,99
olpe,mime,3,99
olpe,oske,3,99
olpe,takl,3,99
olpe,jaja,3,99
olpe,jodo,3,99
olpe,maad,3,99
olpe,rebu,3,99
rebu,sasa,3,99
rebu,mime,3,99
rebu,oske,3,99
rebu,takl,3,99
rebu,jaja,3,99
rebu,jodo,3,99
rebu,maad,3,99
rebu,olpe,3,99
AiAuCiDuMo,SbFi,2,1
AiAuCiDuMo,KoFi,2,1
AiAuCiDuMo,ArFrCi,2,1
AiAuCiDuMo,PiFi,2,1
DeFö,SbFi,2,1
DeFö,KoFi,2,1
DeFö,ArFrCi,2,1
DeFö,PiFi,2,1
Fi,SbFi,2,1
Fi,KoFi,2,2
Fi,ArFrCi,2,4
Fi,PiFi,2,1
CeNaDuCiEtDeLiAn,SbFi,2,1
CeNaDuCiEtDeLiAn,KoFi,2,1
CeNaDuCiEtDeLiAn,ArFrCi,2,3
CeNaDuCiEtDeLiAn,PiFi,2,1
SbFi,sasa,3,99
SbFi,mime,3,99
SbFi,oske,3,99
SbFi,takl,3,99
SbFi,jaja,3,99
SbFi,jodo,3,99
SbFi,maad,3,99
SbFi,olpe,3,99
SbFi,rebu,3,99
sasa,SbFi,3,99
mime,SbFi,3,99
oske,SbFi,3,99
takl,SbFi,3,99
jaja,SbFi,3,99
jodo,SbFi,3,99
maad,SbFi,3,99
olpe,SbFi,3,99
rebu,SbFi,3,99
KoFi,sasa,3,99
KoFi,mime,3,99
KoFi,oske,3,99
KoFi,takl,3,99
KoFi,jaja,3,99
KoFi,jodo,3,99
KoFi,maad,3,99
KoFi,olpe,3,99
KoFi,rebu,3,99
sasa,KoFi,3,99
mime,KoFi,3,99
oske,KoFi,3,99
takl,KoFi,3,99
jaja,KoFi,3,99
jodo,KoFi,3,99
maad,KoFi,3,99
olpe,KoFi,3,99
rebu,KoFi,3,99
ArFrCi,sasa,3,99
ArFrCi,mime,3,99
ArFrCi,oske,3,99
ArFrCi,takl,3,99
ArFrCi,jaja,3,99
ArFrCi,jodo,3,99
ArFrCi,maad,3,99
ArFrCi,olpe,3,99
ArFrCi,rebu,3,99
sasa,ArFrCi,3,99
mime,ArFrCi,3,99
oske,ArFrCi,3,99
takl,ArFrCi,3,99
jaja,ArFrCi,3,99
jodo,ArFrCi,3,99
maad,ArFrCi,3,99
olpe,ArFrCi,3,99
rebu,ArFrCi,3,99
PiFi,sasa,3,99
PiFi,mime,3,99
PiFi,oske,3,99
PiFi,takl,3,99
PiFi,jaja,3,99
PiFi,jodo,3,99
PiFi,maad,3,99
PiFi,olpe,3,99
PiFi,rebu,3,99
sasa,PiFi,3,99
mime,PiFi,3,99
oske,PiFi,3,99
takl,PiFi,3,99
jaja,PiFi,3,99
jodo,PiFi,3,99
maad,PiFi,3,99
olpe,PiFi,3,99
rebu,PiFi,3,99
PaMe,All,1,99
PrFi,All,1,99
yogo,All,1,99
hoge,All,1,99
nago,All,1,99
lapo,All,1,99
meka,All,1,99
joly,All,1,99
yogo,hoge,3,99
yogo,nago,3,99
yogo,lapo,3,99
yogo,meka,3,99
yogo,joly,3,99
nago,yogo,3,99
nago,hoge,3,99
nago,lapo,3,99
nago,meka,3,99
nago,joly,3,99
hoge,yogo,3,99
hoge,nago,3,99
hoge,lapo,3,99
hoge,meka,3,99
hoge,joly,3,99
lapo,yogo,3,99
lapo,nago,3,99
lapo,hoge,3,99
lapo,meka,3,99
lapo,joly,3,99
meka,yogo,3,99
meka,nago,3,99
meka,hoge,3,99
meka,lapo,3,99
meka,joly,3,99
joly,yogo,3,99
joly,nago,3,99
joly,hoge,3,99
joly,lapo,3,99
joly,meka,3,99
PaMe,yogo,3,99
PaMe,hoge,3,99
PaMe,nago,3,99
PaMe,lapo,3,99
PaMe,meka,3,99
PaMe,joly,3,99
PrFi,yogo,3,99
PrFi,hoge,3,99
PrFi,nago,3,99
PrFi,lapo,3,99
PrFi,meka,3,99
PrFi,joly,3,99
yogo,PaMe,3,99
hoge,PaMe,3,99
nago,PaMe,3,99
lapo,PaMe,3,99
meka,PaMe,3,99
joly,PaMe,3,99
yogo,PrFi,3,99
hoge,PrFi,3,99
nago,PrFi,3,99
lapo,PrFi,3,99
meka,PrFi,3,99
joly,PrFi,3,99
WiBuPr,Lev,1,99
FraCi,Lev,1,99
RePr,Lev,1,99
SrFi,Lev,1,99
CeNaDuCiEtDeLiAn,Lev,2,1
FiPaRe,Lev,2,1
edwe,Lev,1,99
algi,Lev,1,99
edwe,algi,3,99
algi,edwe,3,99
CeNaDuCiEtDeLiAn,WiBuPr,2,2
CeNaDuCiEtDeLiAn,FraCi,2,1
CeNaDuCiEtDeLiAn,RePr,2,1
CeNaDuCiEtDeLiAn,SrFi,2,1
FiPaRe,WiBuPr,2,1
FiPaRe,FraCi,2,1
FiPaRe,RePr,2,1
FiPaRe,SrFi,2,1
WiBuPr,edwe,3,99
FraCi,edwe,3,99
RePr,edwe,3,99
SrFi,edwe,3,99
WiBuPr,algi,3,99
FraCi,algi,3,99
RePr,algi,3,99
SrFi,algi,3,99
algi,WiBuPr,3,99
algi,FraCi,3,99
algi,RePr,3,99
algi,SrFi,3,99
edwe,WiBuPr,3,99
edwe,FraCi,3,99
edwe,RePr,3,99
edwe,SrFi,3,99
SePi,Nom,1,99
CoCoPr,Nom,1,99
HePr,Nom,1,99
HiFi,Nom,1,99
AlMoPi,Nom,2,1
daja,Nom,1,99
emfo,Nom,1,99
chzh,Nom,1,99
tash,Nom,1,99
pesp,Nom,1,99
frmc,Nom,1,99
geli,Nom,1,99
moas,Nom,1,99
moas,daja,3,99
moas,emfo,3,99
moas,chzh,3,99
moas,tash,3,99
moas,pesp,3,99
moas,frmc,3,99
moas,geli,3,99
geli,moas,3,99
geli,daja,3,99
geli,emfo,3,99
geli,chzh,3,99
geli,tash,3,99
geli,pesp,3,99
geli,frmc,3,99
frmc,geli,3,99
frmc,moas,3,99
frmc,daja,3,99
frmc,emfo,3,99
frmc,chzh,3,99
frmc,tash,3,99
frmc,pesp,3,99
pesp,frmc,3,99
pesp,daja,3,99
pesp,emfo,3,99
pesp,chzh,3,99
pesp,tash,3,99
pesp,geli,3,99
pesp,moas,3,99
tash,daja,3,99
tash,emfo,3,99
tash,chzh,3,99
tash,pesp,3,99
tash,frmc,3,99
tash,geli,3,99
tash,moas,3,99
chzh,daja,3,99
chzh,emfo,3,99
chzh,pesp,3,99
chzh,frmc,3,99
chzh,geli,3,99
chzh,moas,3,99
chzh,tash,3,99
emfo,chzh,3,99
emfo,daja,3,99
emfo,pesp,3,99
emfo,frmc,3,99
emfo,geli,3,99
emfo,moas,3,99
emfo,tash,3,99
daja,emfo,3,99
daja,chzh,3,99
daja,tash,3,99
daja,pesp,3,99
daja,frmc,3,99
daja,geli,3,99
daja,moas,3,99
AlMoPi,SePi,2,1
AlMoPi,CoCoPr,2,1
AlMoPi,HePr,2,1
AlMoPi,HiFi,2,1
SePi,daja,3,99
SePi,emfo,3,99
SePi,chzh,3,99
SePi,tash,3,99
SePi,pesp,3,99
SePi,frmc,3,99
SePi,geli,3,99
SePi,moas,3,99
CoCoPr,daja,3,99
CoCoPr,emfo,3,99
CoCoPr,chzh,3,99
CoCoPr,tash,3,99
CoCoPr,pesp,3,99
CoCoPr,frmc,3,99
CoCoPr,geli,3,99
CoCoPr,moas,3,99
HePr,daja,3,99
HePr,emfo,3,99
HePr,chzh,3,99
HePr,tash,3,99
HePr,pesp,3,99
HePr,frmc,3,99
HePr,geli,3,99
HePr,moas,3,99
HiFi,daja,3,99
HiFi,emfo,3,99
HiFi,chzh,3,99
HiFi,tash,3,99
HiFi,pesp,3,99
HiFi,frmc,3,99
HiFi,geli,3,99
HiFi,moas,3,99
daja,SePi,3,99
daja,CoCoPr,3,99
daja,HePr,3,99
daja,HiFi,3,99
emfo,SePi,3,99
emfo,CoCoPr,3,99
emfo,HePr,3,99
emfo,HiFi,3,99
chzh,SePi,3,99
chzh,CoCoPr,3,99
chzh,HePr,3,99
chzh,HiFi,3,99
tash,SePi,3,99
tash,CoCoPr,3,99
tash,HePr,3,99
tash,HiFi,3,99
pesp,SePi,3,99
pesp,CoCoPr,3,99
pesp,HePr,3,99
pesp,HiFi,3,99
frmc,SePi,3,99
frmc,CoCoPr,3,99
frmc,HePr,3,99
frmc,HiFi,3,99
geli,SePi,3,99
geli,CoCoPr,3,99
geli,HePr,3,99
geli,HiFi,3,99
moas,SePi,3,99
moas,CoCoPr,3,99
moas,HePr,3,99
moas,HiFi,3,99
JoEf,Jok,1,99
BrSt,Jok,1,99
DcEn,Jok,1,99
ViRoPi,Jok,1,99
WaBrPi,Jok,1,99
emko,Jok,1,99
brco,Jok,1,99
dawe,Jok,1,99
toph,Jok,1,99
toph,emko,3,99
toph,brco,3,99
toph,dawe,3,99
dawe,emko,3,99
dawe,brco,3,99
dawe,toph,3,99
brco,emko,3,99
brco,dawe,3,99
brco,toph,3,99
emko,toph,3,99
emko,dawe,3,99
emko,brco,3,99
JoEf,emko,3,99
JoEf,brco,3,99
JoEf,dawe,3,99
JoEf,toph,3,99
BrSt,emko,3,99
BrSt,brco,3,99
BrSt,dawe,3,99
BrSt,toph,3,99
DcEn,emko,3,99
DcEn,brco,3,99
DcEn,dawe,3,99
DcEn,toph,3,99
ViRoPi,emko,3,99
ViRoPi,brco,3,99
ViRoPi,dawe,3,99
ViRoPi,toph,3,99
WaBrPi,emko,3,99
WaBrPi,brco,3,99
WaBrPi,dawe,3,99
WaBrPi,toph,3,99
toph,JoEf,3,99
toph,BrSt,3,99
toph,DcEn,3,99
toph,ViRoPi,3,99
toph,WaBrPi,3,99
dawe,JoEf,3,99
dawe,BrSt,3,99
dawe,DcEn,3,99
dawe,ViRoPi,3,99
dawe,WaBrPi,3,99
brco,JoEf,3,99
brco,BrSt,3,99
brco,DcEn,3,99
brco,ViRoPi,3,99
brco,WaBrPi,3,99
emko,JoEf,3,99
emko,BrSt,3,99
emko,DcEn,3,99
emko,ViRoPi,3,99
emko,WaBrPi,3,99
FiPr,TheF,1,99
ElPi,TheF,1,99
Ar,TheF,1,99
ScFi,TheF,1,99
WaEn,TheF,1,99
BrFiIn,TheF,2,1
IrFiBo,TheF,2,1
edgu,TheF,1,99
yola,TheF,1,99
cede,TheF,1,99
lema,TheF,1,99
jese,TheF,1,99
edgu,yola,3,99
edgu,cede,3,99
edgu,lema,3,99
edgu,jese,3,99
yola,edgu,3,99
cede,edgu,3,99
lema,edgu,3,99
jese,edgu,3,99
yola,cede,3,99
yola,lema,3,99
yola,jese,3,99
cede,yola,3,99
lema,yola,3,99
jese,yola,3,99
cede,lema,3,99
cede,jese,3,99
lema,cede,3,99
jese,cede,3,99
lema,jese,3,99
jese,lema,3,99
BrFiIn,FiPr,2,1
BrFiIn,ElPi,2,1
BrFiIn,Ar,2,1
BrFiIn,ScFi,2,1
BrFiIn,WaEn,2,1
IrFiBo,FiPr,2,1
IrFiBo,ElPi,2,1
IrFiBo,Ar,2,1
IrFiBo,ScFi,2,1
IrFiBo,WaEn,2,1
edgu,FiPr,3,99
edgu,ElPi,3,99
edgu,Ar,3,99
edgu,ScFi,3,99
edgu,WaEn,3,99
FiPr,edgu,3,99
ElPi,edgu,3,99
Ar,edgu,3,99
ScFi,edgu,3,99
WaEn,edgu,3,99
yola,FiPr,3,99
yola,ElPi,3,99
yola,Ar,3,99
yola,ScFi,3,99
yola,WaEn,3,99
FiPr,yola,3,99
ElPi,yola,3,99
Ar,yola,3,99
ScFi,yola,3,99
WaEn,yola,3,99
cede,FiPr,3,99
cede,ElPi,3,99
cede,Ar,3,99
cede,ScFi,3,99
cede,WaEn,3,99
FiPr,cede,3,99
ElPi,cede,3,99
Ar,cede,3,99
ScFi,cede,3,99
WaEn,cede,3,99
lema,FiPr,3,99
lema,ElPi,3,99
lema,Ar,3,99
lema,ScFi,3,99
lema,WaEn,3,99
FiPr,lema,3,99
ElPi,lema,3,99
Ar,lema,3,99
ScFi,lema,3,99
WaEn,lema,3,99
jese,FiPr,3,99
jese,ElPi,3,99
jese,Ar,3,99
jese,ScFi,3,99
jese,WaEn,3,99
FiPr,jese,3,99
ElPi,jese,3,99
Ar,jese,3,99
ScFi,jese,3,99
WaEn,jese,3,99
AkFiPr,Hua,1,99
MmEn,Hua,1,99
FiDeFoMa,Hua,1,99
VoFi,Hua,1,99
13LiPi,Hua,1,99
SiFiCo,Hua,2,1
frbo,Hua,1,99
SiFiCo,AkFiPr,2,1
SiFiCo,MmEn,2,1
SiFiCo,FiDeFoMa,2,1
SiFiCo,VoFi,2,1
SiFiCo,13LiPi,2,1
AkFiPr,frbo,3,99
MmEn,frbo,3,99
FiDeFoMa,frbo,3,99
VoFi,frbo,3,99
13LiPi,frbo,3,99
frbo,AkFiPr,3,99
frbo,MmEn,3,99
frbo,FiDeFoMa,3,99
frbo,VoFi,3,99
frbo,13LiPi,3,99
AlWaPi,Fan,1,99
IdAu,Fan,1,99
WiPr,Fan,1,99
Pr,Fan,2,1
FoCaPoLaCo,Fan,2,1
CeNaDuCiEtDeLiAn,Fan,2,1
piba,Fan,1,99
waya,Fan,1,99
koli,Fan,1,99
piba,koli,3,99
waya,koli,3,99
piba,waya,3,99
koli,waya,3,99
waya,piba,3,99
koli,piba,3,99
Pr,AlWaPi,2,1
FoCaPoLaCo,AlWaPi,2,1
CeNaDuCiEtDeLiAn,AlWaPi,2,1
Pr,IdAu,2,1
FoCaPoLaCo,IdAu,2,1
CeNaDuCiEtDeLiAn,IdAu,2,1
Pr,WiPr,2,1
FoCaPoLaCo,WiPr,2,1
CeNaDuCiEtDeLiAn,WiPr,2,1
AlWaPi,piba,3,99
IdAu,piba,3,99
WiPr,piba,3,99
AlWaPi,waya,3,99
IdAu,waya,3,99
WiPr,waya,3,99
AlWaPi,koli,3,99
IdAu,koli,3,99
WiPr,koli,3,99
piba,AlWaPi,3,99
piba,IdAu,3,99
piba,WiPr,3,99
waya,AlWaPi,3,99
waya,IdAu,3,99
waya,WiPr,3,99
koli,AlWaPi,3,99
koli,IdAu,3,99
koli,WiPr,3,99
KlFi,Bez,1,99
AlFi,Bez,1,99
FiFa,Bez,1,99
SnFi,Bez,1,99
DeDaFi,Bez,2,1
rova,Bez,1,99
DeDaFi,KlFi,2,1
DeDaFi,AlFi,2,1
DeDaFi,FiFa,2,1
DeDaFi,SnFi,2,1
KlFi,rova,3,99
AlFi,rova,3,99
FiFa,rova,3,99
SnFi,rova,3,99
rova,KlFi,3,99
rova,AlFi,3,99
rova,FiFa,3,99
rova,SnFi,3,99
OpFil,Zim,1,99
MkPr,Zim,1,99
ApPi,Zim,1,99
SiFi,Zim,1,99
ArFrCi,Zim,1,99
Eu,Zim,2,1
PoFi,Zim,2,1
tase,Zim,1,99
ewpu,Zim,1,99
mabe,Zim,1,99
pidz,Zim,1,99
tase,ewpu,3,99
tase,mabe,3,99
tase,pidz,3,99
ewpu,tase,3,99
mabe,tase,3,99
pidz,tase,3,99
ewpu,mabe,3,99
ewpu,pidz,3,99
mabe,ewpu,3,99
pidz,ewpu,3,99
mabe,pidz,3,99
pidz,mabe,3,99
Eu,OpFil,2,2
Eu,MkPr,2,1
Eu,ApPi,2,1
Eu,SiFi,2,1
Eu,ArFrCi,2,4
PoFi,OpFil,2,2
PoFi,MkPr,2,1
PoFi,ApPi,2,1
PoFi,SiFi,2,1
PoFi,ArFrCi,2,1
tase,OpFil,3,99
ewpu,OpFil,3,99
mabe,OpFil,3,99
pidz,OpFil,3,99
OpFil,tase,3,99
OpFil,ewpu,3,99
OpFil,mabe,3,99
OpFil,pidz,3,99
MkPr,tase,3,99
MkPr,ewpu,3,99
MkPr,mabe,3,99
MkPr,pidz,3,99
tase,MkPr,3,99
ewpu,MkPr,3,99
mabe,MkPr,3,99
pidz,MkPr,3,99
ApPi,tase,3,99
ApPi,ewpu,3,99
ApPi,mabe,3,99
ApPi,pidz,3,99
tase,ApPi,3,99
ewpu,ApPi,3,99
mabe,ApPi,3,99
pidz,ApPi,3,99
SiFi,tase,3,99
SiFi,ewpu,3,99
SiFi,mabe,3,99
SiFi,pidz,3,99
tase,SiFi,3,99
ewpu,SiFi,3,99
mabe,SiFi,3,99
pidz,SiFi,3,99
ArFrCi,tase,3,99
ArFrCi,ewpu,3,99
ArFrCi,mabe,3,99
ArFrCi,pidz,3,99
tase,ArFrCi,3,99
ewpu,ArFrCi,3,99
mabe,ArFrCi,3,99
pidz,ArFrCi,3,99
PlPr,TheS,1,99
EsFiPr,TheS,1,99
ArFrCi,TheS,1,99
CoOf,TheS,1,99
FiIVä,TheS,1,99
ImEnCo,TheS,1,99
SoPaDePr,TheS,1,99
SvTeAb,TheS,1,99
Fi,TheS,2,1
MeBe,TheS,2,1
CrEuMe,TheS,2,1
sana,TheS,1,99
erhe,TheS,1,99
phbo,TheS,1,99
olpe,TheS,1,99
kaad,TheS,1,99
iswi,TheS,1,99
sana,erhe,3,99
sana,phbo,3,99
sana,olpe,3,99
sana,kaad,3,99
sana,iswi,3,99
erhe,sana,3,99
phbo,sana,3,99
olpe,sana,3,99
kaad,sana,3,99
iswi,sana,3,99
erhe,phbo,3,99
erhe,olpe,3,99
erhe,kaad,3,99
erhe,iswi,3,99
phbo,erhe,3,99
olpe,erhe,3,99
kaad,erhe,3,99
iswi,erhe,3,99
phbo,olpe,3,99
phbo,kaad,3,99
phbo,iswi,3,99
olpe,phbo,3,99
kaad,phbo,3,99
iswi,phbo,3,99
olpe,kaad,3,99
olpe,iswi,3,99
kaad,iswi,3,99
kaad,olpe,3,99
iswi,kaad,3,99
iswi,olpe,3,99
Fi,PlPr,2,2
Fi,EsFiPr,2,2
Fi,ArFrCi,2,4
Fi,CoOf,2,2
Fi,FiIVä,2,1
Fi,ImEnCo,2,1
Fi,SoPaDePr,2,2
Fi,SvTeAb,2,2
MeBe,PlPr,2,2
MeBe,EsFiPr,2,2
MeBe,ArFrCi,2,3
MeBe,CoOf,2,2
MeBe,FiIVä,2,1
MeBe,ImEnCo,2,1
MeBe,SoPaDePr,2,2
MeBe,SvTeAb,2,2
CrEuMe,PlPr,2,2
CrEuMe,EsFiPr,2,2
CrEuMe,ArFrCi,2,4
CrEuMe,CoOf,2,2
CrEuMe,FiIVä,2,1
CrEuMe,ImEnCo,2,1
CrEuMe,SoPaDePr,2,1
CrEuMe,SvTeAb,2,2
sana,PlPr,3,99
sana,EsFiPr,3,99
sana,ArFrCi,3,99
sana,CoOf,3,99
sana,FiIVä,3,99
sana,ImEnCo,3,99
sana,SoPaDePr,3,99
sana,SvTeAb,3,99
PlPr,sana,3,99
EsFiPr,sana,3,99
ArFrCi,sana,3,99
CoOf,sana,3,99
FiIVä,sana,3,99
ImEnCo,sana,3,99
SoPaDePr,sana,3,99
SvTeAb,sana,3,99
erhe,PlPr,3,99
erhe,EsFiPr,3,99
erhe,ArFrCi,3,99
erhe,CoOf,3,99
erhe,FiIVä,3,99
erhe,ImEnCo,3,99
erhe,SoPaDePr,3,99
erhe,SvTeAb,3,99
PlPr,erhe,3,99
EsFiPr,erhe,3,99
ArFrCi,erhe,3,99
CoOf,erhe,3,99
FiIVä,erhe,3,99
ImEnCo,erhe,3,99
SoPaDePr,erhe,3,99
SvTeAb,erhe,3,99
phbo,PlPr,3,99
phbo,EsFiPr,3,99
phbo,ArFrCi,3,99
phbo,CoOf,3,99
phbo,FiIVä,3,99
phbo,ImEnCo,3,99
phbo,SoPaDePr,3,99
phbo,SvTeAb,3,99
PlPr,phbo,3,99
EsFiPr,phbo,3,99
ArFrCi,phbo,3,99
CoOf,phbo,3,99
FiIVä,phbo,3,99
ImEnCo,phbo,3,99
SoPaDePr,phbo,3,99
SvTeAb,phbo,3,99
kaad,PlPr,3,99
kaad,EsFiPr,3,99
kaad,ArFrCi,3,99
kaad,CoOf,3,99
kaad,FiIVä,3,99
kaad,ImEnCo,3,99
kaad,SoPaDePr,3,99
kaad,SvTeAb,3,99
PlPr,kaad,3,99
EsFiPr,kaad,3,99
ArFrCi,kaad,3,99
CoOf,kaad,3,99
FiIVä,kaad,3,99
ImEnCo,kaad,3,99
SoPaDePr,kaad,3,99
SvTeAb,kaad,3,99
olpe,PlPr,3,99
olpe,EsFiPr,3,99
olpe,ArFrCi,3,99
olpe,CoOf,3,99
olpe,FiIVä,3,99
olpe,ImEnCo,3,99
olpe,SoPaDePr,3,99
olpe,SvTeAb,3,99
PlPr,olpe,3,99
EsFiPr,olpe,3,99
ArFrCi,olpe,3,99
CoOf,olpe,3,99
FiIVä,olpe,3,99
ImEnCo,olpe,3,99
SoPaDePr,olpe,3,99
SvTeAb,olpe,3,99
iswi,PlPr,3,99
iswi,EsFiPr,3,99
iswi,ArFrCi,3,99
iswi,CoOf,3,99
iswi,FiIVä,3,99
iswi,ImEnCo,3,99
iswi,SoPaDePr,3,99
iswi,SvTeAb,3,99
PlPr,iswi,3,99
EsFiPr,iswi,3,99
ArFrCi,iswi,3,99
CoOf,iswi,3,99
FiIVä,iswi,3,99
ImEnCo,iswi,3,99
SoPaDePr,iswi,3,99
SvTeAb,iswi,3,99
AoPr,Man,1,99
FuTeNe,Man,1,99
GaCo,Man,1,99
ToLoBo,Man,2,1
meba,Man,1,99
kohi,Man,1,99
kaoma,Man,1,99
shok,Man,1,99
hita,Man,1,99
hirta,Man,1,99
akyo,Man,1,99
meba,kohi,3,99
meba,kaoma,3,99
meba,shok,3,99
meba,hita,3,99
meba,hirta,3,99
meba,akyo,3,99
kohi,meba,3,99
kohi,kaoma,3,99
kohi,shok,3,99
kohi,hita,3,99
kohi,hirta,3,99
kohi,akyo,3,99
kaoma,meba,3,99
kaoma,kohi,3,99
kaoma,shok,3,99
kaoma,hita,3,99
kaoma,hirta,3,99
kaoma,akyo,3,99
shok,meba,3,99
shok,kohi,3,99
shok,kaoma,3,99
shok,hita,3,99
shok,hirta,3,99
shok,akyo,3,99
hita,meba,3,99
hita,kohi,3,99
hita,kaoma,3,99
hita,shok,3,99
hita,hirta,3,99
hita,akyo,3,99
hirta,meba,3,99
hirta,kohi,3,99
hirta,kaoma,3,99
hirta,shok,3,99
hirta,hita,3,99
hirta,akyo,3,99
akyo,meba,3,99
akyo,kohi,3,99
akyo,kaoma,3,99
akyo,shok,3,99
akyo,hita,3,99
akyo,hirta,3,99
ToLoBo,AoPr,2,1
ToLoBo,FuTeNe,2,1
ToLoBo,GaCo,2,1
AoPr,meba,3,99
AoPr,kohi,3,99
AoPr,kaoma,3,99
AoPr,shok,3,99
AoPr,hita,3,99
AoPr,hirta,3,99
AoPr,akyo,3,99
FuTeNe,meba,3,99
FuTeNe,kohi,3,99
FuTeNe,kaoma,3,99
FuTeNe,shok,3,99
FuTeNe,hita,3,99
FuTeNe,hirta,3,99
FuTeNe,akyo,3,99
GaCo,meba,3,99
GaCo,kohi,3,99
GaCo,kaoma,3,99
GaCo,shok,3,99
GaCo,hita,3,99
GaCo,hirta,3,99
GaCo,akyo,3,99
meba,AoPr,3,99
meba,FuTeNe,3,99
meba,GaCo,3,99
kohi,AoPr,3,99
kohi,FuTeNe,3,99
kohi,GaCo,3,99
kaoma,AoPr,3,99
kaoma,FuTeNe,3,99
kaoma,GaCo,3,99
shok,AoPr,3,99
shok,FuTeNe,3,99
shok,GaCo,3,99
hita,AoPr,3,99
hita,FuTeNe,3,99
hita,GaCo,3,99
hirta,AoPr,3,99
hirta,FuTeNe,3,99
hirta,GaCo,3,99
akyo,AoPr,3,99
akyo,FuTeNe,3,99
akyo,GaCo,3,99
Co99Fi,Ton,1,99
KoFi,Ton,1,99
Hi,Ton,1,99
MiLiFi,Ton,1,99
BuFiMe,Ton,2,1
DeFi,Ton,2,1
Fi,Ton,2,1
FiMeNr,Ton,2,1
FiBa,Ton,2,1
MeBe,Ton,2,1
MoFiHaSc,Ton,2,1
ÖsFi,Ton,2,1
GeFi,Ton,2,1
Eu,Ton,2,1
maad,Ton,1,99
jodo,Ton,1,99
jaja,Ton,1,99
ansv,Ton,1,99
brwa,Ton,1,99
iota,Ton,1,99
maad,jodo,3,99
maad,jaja,3,99
maad,ansv,3,99
maad,brwa,3,99
maad,iota,3,99
jaja,maad,3,99
ansv,maad,3,99
brwa,maad,3,99
iota,maad,3,99
jodo,maad,3,99
jodo,jaja,3,99
jodo,ansv,3,99
jodo,brwa,3,99
jodo,iota,3,99
jaja,jodo,3,99
ansv,jodo,3,99
brwa,jodo,3,99
iota,jodo,3,99
jaja,ansv,3,99
jaja,brwa,3,99
jaja,iota,3,99
ansv,jaja,3,99
brwa,jaja,3,99
iota,jaja,3,99
ansv,brwa,3,99
ansv,iota,3,99
brwa,ansv,3,99
iota,ansv,3,99
brwa,iota,3,99
iota,brwa,3,99
BuFiMe,Co99Fi,2,1
BuFiMe,KoFi,2,1
BuFiMe,Hi,2,1
BuFiMe,MiLiFi,2,1
DeFi,Co99Fi,2,1
DeFi,KoFi,2,1
DeFi,Hi,2,1
DeFi,MiLiFi,2,1
Fi,Co99Fi,2,2
Fi,KoFi,2,2
Fi,Hi,2,1
Fi,MiLiFi,2,1
FiMeNr,Co99Fi,2,1
FiMeNr,KoFi,2,1
FiMeNr,Hi,2,1
FiMeNr,MiLiFi,2,1
FiBa,Co99Fi,2,1
FiBa,KoFi,2,1
FiBa,Hi,2,1
FiBa,MiLiFi,2,1
MeBe,Co99Fi,2,2
MeBe,KoFi,2,1
MeBe,Hi,2,1
MeBe,MiLiFi,2,1
MoFiHaSc,Co99Fi,2,1
MoFiHaSc,KoFi,2,1
MoFiHaSc,Hi,2,1
MoFiHaSc,MiLiFi,2,1
ÖsFi,Co99Fi,2,1
ÖsFi,KoFi,2,1
ÖsFi,Hi,2,1
ÖsFi,MiLiFi,2,1
GeFi,Co99Fi,2,1
GeFi,KoFi,2,1
GeFi,Hi,2,1
GeFi,MiLiFi,2,1
Eu,Co99Fi,2,1
Eu,KoFi,2,1
Eu,Hi,2,1
Eu,MiLiFi,2,1
Co99Fi,maad,3,99
Co99Fi,jodo,3,99
Co99Fi,jaja,3,99
Co99Fi,ansv,3,99
Co99Fi,brwa,3,99
Co99Fi,iota,3,99
KoFi,maad,3,99
KoFi,jodo,3,99
KoFi,jaja,3,99
KoFi,ansv,3,99
KoFi,brwa,3,99
KoFi,iota,3,99
Hi,maad,3,99
Hi,jodo,3,99
Hi,jaja,3,99
Hi,ansv,3,99
Hi,brwa,3,99
Hi,iota,3,99
MiLiFi,maad,3,99
MiLiFi,jodo,3,99
MiLiFi,jaja,3,99
MiLiFi,ansv,3,99
MiLiFi,brwa,3,99
MiLiFi,iota,3,99
maad,Co99Fi,3,99
jodo,Co99Fi,3,99
jaja,Co99Fi,3,99
ansv,Co99Fi,3,99
brwa,Co99Fi,3,99
iota,Co99Fi,3,99
maad,KoFi,3,99
jodo,KoFi,3,99
jaja,KoFi,3,99
ansv,KoFi,3,99
brwa,KoFi,3,99
iota,KoFi,3,99
maad,Hi,3,99
jodo,Hi,3,99
jaja,Hi,3,99
ansv,Hi,3,99
brwa,Hi,3,99
iota,Hi,3,99
maad,MiLiFi,3,99
jodo,MiLiFi,3,99
jaja,MiLiFi,3,99
ansv,MiLiFi,3,99
brwa,MiLiFi,3,99
iota,MiLiFi,3,99
JeFi,Jig,1,99
CeNaDuCiEtDeLiAn,Jig,2,1
kiky,Jig,1,99
CeNaDuCiEtDeLiAn,JeFi,2,1
JeFi,kiky,3,99
kiky,JeFi,3,99
SiOlPi,Mul,1,99
FiDeCoOfThPh,Mul,2,1
ladi,Mul,1,99
krda,Mul,1,99
ladi,krda,3,99
krda,ladi,3,99
FiDeCoOfThPh,SiOlPi,2,1
SiOlPi,ladi,3,99
SiOlPi,krda,3,99
ladi,SiOlPi,3,99
krda,SiOlPi,3,99
AnFi,His,1,99
CaFi,His,1,99
InDeLaCiYDeLaArAu,His,2,1
InCaDeLeEmCu,His,2,1
CeNaDuCiEtDeLiAn,His,2,1
motr,His,1,99
thlo,His,1,99
alse,His,1,99
motr,alse,3,99
thlo,alse,3,99
motr,thlo,3,99
alse,thlo,3,99
thlo,motr,3,99
alse,motr,3,99
InDeLaCiYDeLaArAu,AnFi,2,1
InCaDeLeEmCu,AnFi,2,1
CeNaDuCiEtDeLiAn,AnFi,2,1
InDeLaCiYDeLaArAu,CaFi,2,1
InCaDeLeEmCu,CaFi,2,1
CeNaDuCiEtDeLiAn,CaFi,2,1
AnFi,motr,3,99
CaFi,motr,3,99
AnFi,thlo,3,99
CaFi,thlo,3,99
AnFi,alse,3,99
CaFi,alse,3,99
motr,AnFi,3,99
motr,CaFi,3,99
thlo,AnFi,3,99
thlo,CaFi,3,99
alse,AnFi,3,99
alse,CaFi,3,99
SiTyLi,IDan,1,99
WhNoPr,IDan,1,99
LeFiDuFl ,IDan,1,99
BbcFi,IDan,1,99
SiFil ,IDan,1,99
CaKaPr,IDan,1,99
WiBuPr,IDan,1,99
FrCi,IDan,1,99
TaShDuGoFeDeBe,IDan,2,1
BrFiIn,IDan,2,1
CrEuMe,IDan,2,1
rebr,IDan,1,99
TaShDuGoFeDeBe,SiTyLi,2,1
TaShDuGoFeDeBe,WhNoPr,2,1
TaShDuGoFeDeBe,LeFiDuFl ,2,1
TaShDuGoFeDeBe,BbcFi,2,1
TaShDuGoFeDeBe,SiFil ,2,1
TaShDuGoFeDeBe,CaKaPr,2,1
TaShDuGoFeDeBe,WiBuPr,2,1
TaShDuGoFeDeBe,FrCi,2,1
BrFiIn,SiTyLi,2,1
BrFiIn,WhNoPr,2,1
BrFiIn,LeFiDuFl ,2,1
BrFiIn,BbcFi,2,1
BrFiIn,SiFil ,2,1
BrFiIn,CaKaPr,2,1
BrFiIn,WiBuPr,2,1
BrFiIn,FrCi,2,1
CrEuMe,SiTyLi,2,1
CrEuMe,WhNoPr,2,1
CrEuMe,LeFiDuFl ,2,1
CrEuMe,BbcFi,2,1
CrEuMe,SiFil ,2,1
CrEuMe,CaKaPr,2,1
CrEuMe,WiBuPr,2,1
CrEuMe,FrCi,2,2
SiTyLi,rebr,3,99
WhNoPr,rebr,3,99
LeFiDuFl ,rebr,3,99
BbcFi,rebr,3,99
SiFil ,rebr,3,99
CaKaPr,rebr,3,99
WiBuPr,rebr,3,99
FrCi,rebr,3,99
rebr,SiTyLi,3,99
rebr,WhNoPr,3,99
rebr,LeFiDuFl ,3,99
rebr,BbcFi,3,99
rebr,SiFil ,3,99
rebr,CaKaPr,3,99
rebr,WiBuPr,3,99
rebr,FrCi,3,99
Pa,Dhe,1,99
WhNoPr,Dhe,1,99
FrCi,Dhe,1,99
MitMe,Dhe,2,1
paca,Dhe,1,99
grso,Dhe,1,99
paca,grso,3,99
grso,paca,3,99
MitMe,Pa,2,1
MitMe,WhNoPr,2,1
MitMe,FrCi,2,1
Pa,paca,3,99
Pa,grso,3,99
WhNoPr,paca,3,99
WhNoPr,grso,3,99
FrCi,paca,3,99
FrCi,grso,3,99
paca,Pa,3,99
paca,WhNoPr,3,99
paca,FrCi,3,99
grso,Pa,3,99
grso,WhNoPr,3,99
grso,FrCi,3,99
ArFrCi,Kis,1,99
ZeFi,Kis,1,99
BrFiPr,Kis,1,99
MeFi,Kis,1,99
Fi,Kis,2,1
MeBe,Kis,2,1
MitMe,Kis,2,1
Eu,Kis,2,1
rebu,Kis,1,99
olpe,Kis,1,99
haal,Kis,1,99
zeat,Kis,1,99
nuce,Kis,1,99
mudo,Kis,1,99
alma,Kis,1,99
muyi,Kis,1,99
rebu,olpe,3,99
rebu,haal,3,99
rebu,zeat,3,99
rebu,nuce,3,99
rebu,mudo,3,99
rebu,alma,3,99
rebu,muyi,3,99
olpe,rebu,3,99
olpe,haal,3,99
olpe,zeat,3,99
olpe,nuce,3,99
olpe,mudo,3,99
olpe,alma,3,99
olpe,muyi,3,99
haal,rebu,3,99
haal,olpe,3,99
haal,zeat,3,99
haal,nuce,3,99
haal,mudo,3,99
haal,alma,3,99
haal,muyi,3,99
zeat,rebu,3,99
zeat,olpe,3,99
zeat,haal,3,99
zeat,nuce,3,99
zeat,mudo,3,99
zeat,alma,3,99
zeat,muyi,3,99
nuce,rebu,3,99
nuce,olpe,3,99
nuce,haal,3,99
nuce,zeat,3,99
nuce,mudo,3,99
nuce,alma,3,99
nuce,muyi,3,99
mudo,rebu,3,99
mudo,olpe,3,99
mudo,haal,3,99
mudo,zeat,3,99
mudo,nuce,3,99
mudo,alma,3,99
mudo,muyi,3,99
alma,rebu,3,99
alma,olpe,3,99
alma,haal,3,99
alma,zeat,3,99
alma,nuce,3,99
alma,mudo,3,99
alma,muyi,3,99
muyi,rebu,3,99
muyi,olpe,3,99
muyi,haal,3,99
muyi,zeat,3,99
muyi,nuce,3,99
muyi,mudo,3,99
muyi,alma,3,99
Fi,ArFrCi,2,4
Fi,ZeFi,2,1
Fi,BrFiPr,2,1
Fi,MeFi,2,1
MeBe,ArFrCi,2,3
MeBe,ZeFi,2,1
MeBe,BrFiPr,2,1
MeBe,MeFi,2,1
MitMe,ArFrCi,2,1
MitMe,ZeFi,2,1
MitMe,BrFiPr,2,1
MitMe,MeFi,2,1
Eu,ArFrCi,2,4
Eu,ZeFi,2,1
Eu,BrFiPr,2,1
Eu,MeFi,2,1
ArFrCi,rebu,3,99
ArFrCi,olpe,3,99
ArFrCi,haal,3,99
ArFrCi,zeat,3,99
ArFrCi,nuce,3,99
ArFrCi,mudo,3,99
ArFrCi,alma,3,99
ArFrCi,muyi,3,99
ZeFi,rebu,3,99
ZeFi,olpe,3,99
ZeFi,haal,3,99
ZeFi,zeat,3,99
ZeFi,nuce,3,99
ZeFi,mudo,3,99
ZeFi,alma,3,99
ZeFi,muyi,3,99
BrFiPr,rebu,3,99
BrFiPr,olpe,3,99
BrFiPr,haal,3,99
BrFiPr,zeat,3,99
BrFiPr,nuce,3,99
BrFiPr,mudo,3,99
BrFiPr,alma,3,99
BrFiPr,muyi,3,99
MeFi,rebu,3,99
MeFi,olpe,3,99
MeFi,haal,3,99
MeFi,zeat,3,99
MeFi,nuce,3,99
MeFi,mudo,3,99
MeFi,alma,3,99
MeFi,muyi,3,99
rebu,ArFrCi,3,99
rebu,ZeFi,3,99
rebu,BrFiPr,3,99
rebu,MeFi,3,99
olpe,ArFrCi,3,99
olpe,ZeFi,3,99
olpe,BrFiPr,3,99
olpe,MeFi,3,99
haal,ArFrCi,3,99
haal,ZeFi,3,99
haal,BrFiPr,3,99
haal,MeFi,3,99
zeat,ArFrCi,3,99
zeat,ZeFi,3,99
zeat,BrFiPr,3,99
zeat,MeFi,3,99
nuce,ArFrCi,3,99
nuce,ZeFi,3,99
nuce,BrFiPr,3,99
nuce,MeFi,3,99
mudo,ArFrCi,3,99
mudo,ZeFi,3,99
mudo,BrFiPr,3,99
mudo,MeFi,3,99
alma,ArFrCi,3,99
alma,ZeFi,3,99
alma,BrFiPr,3,99
alma,MeFi,3,99
muyi,ArFrCi,3,99
muyi,ZeFi,3,99
muyi,BrFiPr,3,99
muyi,MeFi,3,99
AlFi,LaV,1,99
WiBuPr,LaV,1,99
FrCi,LaV,1,99
QuSoFi,LaV,1,99
ScPi,LaV,1,99
VeFi,LaV,1,99
CeNaDuCiEtDeLiAn,LaV,2,1
Eu,LaV,2,1
PiReHa,LaV,2,1
brch,LaV,1,99
abke,LaV,1,99
gele,LaV,1,99
vima,LaV,1,99
anma,LaV,1,99
brch,abke,3,99
brch,gele,3,99
brch,vima,3,99
brch,anma,3,99
abke,brch,3,99
abke,gele,3,99
abke,vima,3,99
abke,anma,3,99
gele,brch,3,99
gele,abke,3,99
gele,vima,3,99
gele,anma,3,99
vima,brch,3,99
vima,abke,3,99
vima,gele,3,99
vima,anma,3,99
anma,brch,3,99
anma,abke,3,99
anma,gele,3,99
anma,vima,3,99
CeNaDuCiEtDeLiAn,AlFi,2,1
CeNaDuCiEtDeLiAn,WiBuPr,2,2
CeNaDuCiEtDeLiAn,FrCi,2,2
CeNaDuCiEtDeLiAn,QuSoFi,2,1
CeNaDuCiEtDeLiAn,ScPi,2,1
CeNaDuCiEtDeLiAn,VeFi,2,1
Eu,AlFi,2,1
Eu,WiBuPr,2,1
Eu,FrCi,2,2
Eu,QuSoFi,2,1
Eu,ScPi,2,1
Eu,VeFi,2,1
PiReHa,AlFi,2,1
PiReHa,WiBuPr,2,1
PiReHa,FrCi,2,1
PiReHa,QuSoFi,2,1
PiReHa,ScPi,2,1
PiReHa,VeFi,2,1
AlFi,brch,3,99
AlFi,abke,3,99
AlFi,gele,3,99
AlFi,vima,3,99
AlFi,anma,3,99
WiBuPr,brch,3,99
WiBuPr,abke,3,99
WiBuPr,gele,3,99
WiBuPr,vima,3,99
WiBuPr,anma,3,99
FrCi,brch,3,99
FrCi,abke,3,99
FrCi,gele,3,99
FrCi,vima,3,99
FrCi,anma,3,99
QuSoFi,brch,3,99
QuSoFi,abke,3,99
QuSoFi,gele,3,99
QuSoFi,vima,3,99
QuSoFi,anma,3,99
ScPi,brch,3,99
ScPi,abke,3,99
ScPi,gele,3,99
ScPi,vima,3,99
ScPi,anma,3,99
VeFi,brch,3,99
VeFi,abke,3,99
VeFi,gele,3,99
VeFi,vima,3,99
VeFi,anma,3,99
brch,AlFi,3,99
brch,WiBuPr,3,99
brch,FrCi,3,99
brch,QuSoFi,3,99
brch,ScPi,3,99
brch,VeFi,3,99
abke,AlFi,3,99
abke,WiBuPr,3,99
abke,FrCi,3,99
abke,QuSoFi,3,99
abke,ScPi,3,99
abke,VeFi,3,99
gele,AlFi,3,99
gele,WiBuPr,3,99
gele,FrCi,3,99
gele,QuSoFi,3,99
gele,ScPi,3,99
gele,VeFi,3,99
vima,AlFi,3,99
vima,WiBuPr,3,99
vima,FrCi,3,99
vima,QuSoFi,3,99
vima,ScPi,3,99
vima,VeFi,3,99
anma,AlFi,3,99
anma,WiBuPr,3,99
anma,FrCi,3,99
anma,QuSoFi,3,99
anma,ScPi,3,99
anma,VeFi,3,99
InFi,You,1,99
CAg,You,1,99
MeFil,You,1,99
Eu,You,2,1
vias,You,1,99
chca,You,1,99
frcim,You,1,99
faco,You,1,99
nigi,You,1,99
elka,You,1,99
dako,You,1,99
rogr,You,1,99
musa,You,1,99
jesey,You,1,99
anwa,You,1,99
stwo,You,1,99
vias,chca,3,99
vias,frcim,3,99
vias,faco,3,99
vias,nigi,3,99
vias,elka,3,99
vias,dako,3,99
vias,rogr,3,99
vias,musa,3,99
vias,jesey,3,99
vias,anwa,3,99
vias,stwo,3,99
chca,vias,3,99
frcim,vias,3,99
faco,vias,3,99
nigi,vias,3,99
elka,vias,3,99
dako,vias,3,99
rogr,vias,3,99
musa,vias,3,99
jesey,vias,3,99
anwa,vias,3,99
stwo,vias,3,99
chca,frcim,3,99
chca,faco,3,99
chca,nigi,3,99
chca,elka,3,99
chca,dako,3,99
chca,rogr,3,99
chca,musa,3,99
chca,jesey,3,99
chca,anwa,3,99
chca,stwo,3,99
frcim,chca,3,99
faco,chca,3,99
nigi,chca,3,99
elka,chca,3,99
dako,chca,3,99
rogr,chca,3,99
musa,chca,3,99
jesey,chca,3,99
anwa,chca,3,99
stwo,chca,3,99
frcim,faco,3,99
frcim,nigi,3,99
frcim,elka,3,99
frcim,dako,3,99
frcim,rogr,3,99
frcim,musa,3,99
frcim,jesey,3,99
frcim,anwa,3,99
frcim,stwo,3,99
faco,frcim,3,99
nigi,frcim,3,99
elka,frcim,3,99
dako,frcim,3,99
rogr,frcim,3,99
musa,frcim,3,99
jesey,frcim,3,99
anwa,frcim,3,99
stwo,frcim,3,99
faco,nigi,3,99
faco,elka,3,99
faco,dako,3,99
faco,rogr,3,99
faco,musa,3,99
faco,jesey,3,99
faco,anwa,3,99
faco,stwo,3,99
nigi,faco,3,99
elka,faco,3,99
dako,faco,3,99
rogr,faco,3,99
musa,faco,3,99
jesey,faco,3,99
anwa,faco,3,99
stwo,faco,3,99
nigi,elka,3,99
nigi,dako,3,99
nigi,rogr,3,99
nigi,musa,3,99
nigi,jesey,3,99
nigi,anwa,3,99
nigi,stwo,3,99
elka,nigi,3,99
dako,nigi,3,99
rogr,nigi,3,99
musa,nigi,3,99
jesey,nigi,3,99
anwa,nigi,3,99
stwo,nigi,3,99
elka,dako,3,99
elka,rogr,3,99
elka,musa,3,99
elka,jesey,3,99
elka,anwa,3,99
elka,stwo,3,99
dako,elka,3,99
rogr,elka,3,99
musa,elka,3,99
jesey,elka,3,99
anwa,elka,3,99
stwo,elka,3,99
dako,rogr,3,99
dako,musa,3,99
dako,jesey,3,99
dako,anwa,3,99
dako,stwo,3,99
rogr,dako,3,99
musa,dako,3,99
jesey,dako,3,99
anwa,dako,3,99
stwo,dako,3,99
rogr,musa,3,99
rogr,jesey,3,99
rogr,anwa,3,99
rogr,stwo,3,99
musa,rogr,3,99
jesey,rogr,3,99
anwa,rogr,3,99
stwo,rogr,3,99
musa,jesey,3,99
musa,anwa,3,99
musa,stwo,3,99
jesey,musa,3,99
anwa,musa,3,99
stwo,musa,3,99
jesey,anwa,3,99
jesey,stwo,3,99
anwa,jesey,3,99
stwo,jesey,3,99
anwa,stwo,3,99
stwo,anwa,3,99
Eu,InFi,2,2
Eu,CAg,2,1
Eu,MeFil,2,2
InFi,vias,3,99
InFi,chca,3,99
InFi,frcim,3,99
InFi,faco,3,99
InFi,nigi,3,99
InFi,elka,3,99
InFi,dako,3,99
InFi,rogr,3,99
InFi,musa,3,99
InFi,jesey,3,99
InFi,anwa,3,99
InFi,stwo,3,99
vias,InFi,3,99
chca,InFi,3,99
frcim,InFi,3,99
faco,InFi,3,99
nigi,InFi,3,99
elka,InFi,3,99
dako,InFi,3,99
rogr,InFi,3,99
musa,InFi,3,99
jesey,InFi,3,99
anwa,InFi,3,99
stwo,InFi,3,99
CAg,vias,3,99
CAg,chca,3,99
CAg,frcim,3,99
CAg,faco,3,99
CAg,nigi,3,99
CAg,elka,3,99
CAg,dako,3,99
CAg,rogr,3,99
CAg,musa,3,99
CAg,jesey,3,99
CAg,anwa,3,99
CAg,stwo,3,99
vias,CAg,3,99
chca,CAg,3,99
frcim,CAg,3,99
faco,CAg,3,99
nigi,CAg,3,99
elka,CAg,3,99
dako,CAg,3,99
rogr,CAg,3,99
musa,CAg,3,99
jesey,CAg,3,99
anwa,CAg,3,99
stwo,CAg,3,99
MeFil,vias,3,99
MeFil,chca,3,99
MeFil,frcim,3,99
MeFil,faco,3,99
MeFil,nigi,3,99
MeFil,elka,3,99
MeFil,dako,3,99
MeFil,rogr,3,99
MeFil,musa,3,99
MeFil,jesey,3,99
MeFil,anwa,3,99
MeFil,stwo,3,99
vias,MeFil,3,99
chca,MeFil,3,99
frcim,MeFil,3,99
faco,MeFil,3,99
nigi,MeFil,3,99
elka,MeFil,3,99
dako,MeFil,3,99
rogr,MeFil,3,99
musa,MeFil,3,99
jesey,MeFil,3,99
anwa,MeFil,3,99
stwo,MeFil,3,99
OpFil,Ida,1,99
PhFiIn,Ida,1,99
MeFiBa,Ida,2,1
DeDaFi,Ida,2,1
PoFi,Ida,2,1
Eu,Ida,2,1
pidz,Ida,1,99
chhu,Ida,1,99
erab,Ida,1,99
ewpu,Ida,1,99
pidz,chhu,3,99
pidz,erab,3,99
pidz,ewpu,3,99
chhu,pidz,3,99
erab,pidz,3,99
ewpu,pidz,3,99
chhu,erab,3,99
chhu,ewpu,3,99
erab,chhu,3,99
ewpu,chhu,3,99
erab,ewpu,3,99
ewpu,erab,3,99
MeFiBa,OpFil,2,1
MeFiBa,PhFiIn,2,1
DeDaFi,OpFil,2,1
DeDaFi,PhFiIn,2,1
PoFi,OpFil,2,2
PoFi,PhFiIn,2,1
Eu,OpFil,2,2
Eu,PhFiIn,2,1
OpFil,pidz,3,99
OpFil,chhu,3,99
OpFil,erab,3,99
OpFil,ewpu,3,99
pidz,OpFil,3,99
chhu,OpFil,3,99
erab,OpFil,3,99
ewpu,OpFil,3,99
PhFiIn,pidz,3,99
PhFiIn,chhu,3,99
PhFiIn,erab,3,99
PhFiIn,ewpu,3,99
pidz,PhFiIn,3,99
chhu,PhFiIn,3,99
erab,PhFiIn,3,99
ewpu,PhFiIn,3,99
InFi,LaG,1,99
BaFi,LaG,1,99
MeFil,LaG,1,99
PaFil,LaG,1,99
FrCi,LaG,1,99
nigi,LaG,1,99
frcim,LaG,1,99
jesey,LaG,1,99
faco,LaG,1,99
nigi,frcim,3,99
nigi,jesey,3,99
nigi,faco,3,99
frcim,jesey,3,99
frcim,faco,3,99
jesey,faco,3,99
frcim,nigi,3,99
jesey,nigi,3,99
faco,nigi,3,99
jesey,frcim,3,99
faco,frcim,3,99
faco,jesey,3,99
InFi,nigi,3,99
BaFi,nigi,3,99
MeFil,nigi,3,99
PaFil,nigi,3,99
FrCi,nigi,3,99
nigi,InFi,3,99
nigi,BaFi,3,99
nigi,MeFil,3,99
nigi,PaFil,3,99
nigi,FrCi,3,99
InFi,frcim,3,99
BaFi,frcim,3,99
MeFil,frcim,3,99
PaFil,frcim,3,99
FrCi,frcim,3,99
frcim,InFi,3,99
frcim,BaFi,3,99
frcim,MeFil,3,99
frcim,PaFil,3,99
frcim,FrCi,3,99
InFi,jesey,3,99
BaFi,jesey,3,99
MeFil,jesey,3,99
PaFil,jesey,3,99
FrCi,jesey,3,99
jesey,InFi,3,99
jesey,BaFi,3,99
jesey,MeFil,3,99
jesey,PaFil,3,99
jesey,FrCi,3,99
InFi,faco,3,99
BaFi,faco,3,99
MeFil,faco,3,99
PaFil,faco,3,99
FrCi,faco,3,99
faco,InFi,3,99
faco,BaFi,3,99
faco,MeFil,3,99
faco,PaFil,3,99
faco,FrCi,3,99
Eu,LaG,2,1
ReLa,LaG,2,1
MiPeIBeELeAtCu,LaG,2,1
RoLaFiCo,LaG,2,1
CrEuMe,LaG,2,1
Eu,InFi,2,2
ReLa,InFi,2,1
MiPeIBeELeAtCu,InFi,2,1
RoLaFiCo,InFi,2,1
CrEuMe,InFi,2,1
Eu,BaFi,2,1
ReLa,BaFi,2,1
MiPeIBeELeAtCu,BaFi,2,1
RoLaFiCo,BaFi,2,1
CrEuMe,BaFi,2,1
Eu,MeFil,2,2
ReLa,MeFil,2,1
MiPeIBeELeAtCu,MeFil,2,1
RoLaFiCo,MeFil,2,1
CrEuMe,MeFil,2,1
Eu,PaFil,2,1
ReLa,PaFil,2,1
MiPeIBeELeAtCu,PaFil,2,1
RoLaFiCo,PaFil,2,1
CrEuMe,PaFil,2,1
Eu,FrCi,2,2
ReLa,FrCi,2,1
MiPeIBeELeAtCu,FrCi,2,1
RoLaFiCo,FrCi,2,1
CrEuMe,FrCi,2,2
EspFiPr,Rom,1,99
PaMe,Rom,1,99
nice,Rom,1,99
alcu,Rom,1,99
garo,Rom,1,99
nice,alcu,3,99
nice,garo,3,99
garo,nice,3,99
garo,alcu,3,99
alcu,garo,3,99
alcu,nice,3,99
EspFiPr,nice,3,99
EspFiPr,alcu,3,99
EspFiPr,garo,3,99
PaMe,nice,3,99
PaMe,alcu,3,99
PaMe,garo,3,99
nice,EspFiPr,3,99
alcu,EspFiPr,3,99
garo,EspFiPr,3,99
nice,PaMe,3,99
alcu,PaMe,3,99
garo,PaMe,3,99
SePi,TheSh,1,99
BulPr,TheSh,1,99
DoDaYo,TheSh,1,99
guto,TheSh,1,99
jmda,TheSh,1,99
guto,jmda,3,99
jmda,guto,3,99
SePi,guto,3,99
BulPr,guto,3,99
DoDaYo,guto,3,99
SePi,jmda,3,99
BulPr,jmda,3,99
DoDaYo,jmda,3,99
guto,SePi,3,99
guto,BulPr,3,99
guto,DoDaYo,3,99
jmda,SePi,3,99
jmda,BulPr,3,99
jmda,DoDaYo,3,99
SiOlPi,Ang,1,99
CiOnOr,Ang,1,99
ladi,Ang,1,99
ladi,SiOlPi,3,99
ladi,CiOnOr,3,99
SiOlPi,ladi,3,99
CiOnOr,ladi,3,99
FaRhPr,Des,1,99
MaFi,Des,1,99
LuFi,Des,1,99
CeNaAuDeCi,Des,2,1
guar,Des,1,99
roco,Des,1,99
mifr,Des,1,99
lovi,Des,1,99
guar,roco,3,99
guar,mifr,3,99
guar,lovi,3,99
roco,guar,3,99
roco,mifr,3,99
roco,lovi,3,99
mifr,guar,3,99
mifr,roco,3,99
mifr,lovi,3,99
lovi,guar,3,99
lovi,roco,3,99
lovi,mifr,3,99
CeNaAuDeCi,FaRhPr,2,1
CeNaAuDeCi,MaFi,2,1
CeNaAuDeCi,LuFi,2,1
FaRhPr,lovi,3,99
MaFi,lovi,3,99
LuFi,lovi,3,99
FaRhPr,mifr,3,99
MaFi,mifr,3,99
LuFi,mifr,3,99
FaRhPr,guar,3,99
MaFi,guar,3,99
LuFi,guar,3,99
FaRhPr,roco,3,99
MaFi,roco,3,99
LuFi,roco,3,99
lovi,FaRhPr,3,99
lovi,MaFi,3,99
lovi,LuFi,3,99
mifr,FaRhPr,3,99
mifr,MaFi,3,99
mifr,LuFi,3,99
guar,FaRhPr,3,99
guar,MaFi,3,99
guar,LuFi,3,99
roco,FaRhPr,3,99
roco,MaFi,3,99
roco,LuFi,3,99
RoAnFi,End,1,99
41FiAs,End,1,99
EsFiPr,End,1,99
CoOf,End,1,99
ArFrCi,End,1,99
SvTeAb,End,1,99
Eu,End,2,1
NoFiTv,End,2,1
CeNaDuCiEtDeLiAn,End,2,1
SwFiIn,End,2,1
FiMeNr,End,2,1
NorFi,End,2,1
SvFi,End,2,1
pesa,End,1,99
phbo,End,1,99
haov,End,1,99
pesa,phbo,3,99
pesa,haov,3,99
haov,pesa,3,99
haov,phbo,3,99
phbo,haov,3,99
phbo,pesa,3,99
Eu,RoAnFi,2,1
NoFiTv,RoAnFi,2,1
CeNaDuCiEtDeLiAn,RoAnFi,2,1
SwFiIn,RoAnFi,2,1
FiMeNr,RoAnFi,2,1
NorFi,RoAnFi,2,1
SvFi,RoAnFi,2,1
Eu,41FiAs,2,1
NoFiTv,41FiAs,2,1
CeNaDuCiEtDeLiAn,41FiAs,2,1
SwFiIn,41FiAs,2,1
FiMeNr,41FiAs,2,1
NorFi,41FiAs,2,1
SvFi,41FiAs,2,1
Eu,EsFiPr,2,2
NoFiTv,EsFiPr,2,2
CeNaDuCiEtDeLiAn,EsFiPr,2,1
SwFiIn,EsFiPr,2,1
FiMeNr,EsFiPr,2,1
NorFi,EsFiPr,2,1
SvFi,EsFiPr,2,2
Eu,CoOf,2,2
NoFiTv,CoOf,2,2
CeNaDuCiEtDeLiAn,CoOf,2,1
SwFiIn,CoOf,2,1
FiMeNr,CoOf,2,1
NorFi,CoOf,2,1
SvFi,CoOf,2,2
Eu,ArFrCi,2,4
NoFiTv,ArFrCi,2,2
CeNaDuCiEtDeLiAn,ArFrCi,2,3
SwFiIn,ArFrCi,2,1
FiMeNr,ArFrCi,2,1
NorFi,ArFrCi,2,1
SvFi,ArFrCi,2,2
Eu,SvTeAb,2,2
NoFiTv,SvTeAb,2,2
CeNaDuCiEtDeLiAn,SvTeAb,2,1
SwFiIn,SvTeAb,2,1
FiMeNr,SvTeAb,2,1
NorFi,SvTeAb,2,1
SvFi,SvTeAb,2,2
RoAnFi,pesa,3,99
41FiAs,pesa,3,99
EsFiPr,pesa,3,99
CoOf,pesa,3,99
ArFrCi,pesa,3,99
SvTeAb,pesa,3,99
RoAnFi,phbo,3,99
41FiAs,phbo,3,99
EsFiPr,phbo,3,99
CoOf,phbo,3,99
ArFrCi,phbo,3,99
SvTeAb,phbo,3,99
RoAnFi,haov,3,99
41FiAs,haov,3,99
EsFiPr,haov,3,99
CoOf,haov,3,99
ArFrCi,haov,3,99
SvTeAb,haov,3,99
haov,RoAnFi,3,99
haov,41FiAs,3,99
haov,EsFiPr,3,99
haov,CoOf,3,99
haov,ArFrCi,3,99
haov,SvTeAb,3,99
pesa,RoAnFi,3,99
pesa,41FiAs,3,99
pesa,EsFiPr,3,99
pesa,CoOf,3,99
pesa,ArFrCi,3,99
pesa,SvTeAb,3,99
phbo,RoAnFi,3,99
phbo,41FiAs,3,99
phbo,EsFiPr,3,99
phbo,CoOf,3,99
phbo,ArFrCi,3,99
phbo,SvTeAb,3,99
DoSr,Sac,1,99
LaFeEn,Sac,1,99
RaCi,Sac,1,99
RoLaFiCo,Sac,2,1
FiLaDiSv,Sac,2,1
ReLa,Sac,2,1
MiPeIBeELeAtCu,Sac,2,1
CeNaDuCiEtDeLiAn,Sac,2,1
roba,Sac,1,99
pabr,Sac,1,99
guol,Sac,1,99
mavi,Sac,1,99
caso,Sac,1,99
pabr,roba,3,99
guol,roba,3,99
mavi,roba,3,99
caso,roba,3,99
roba,pabr,3,99
guol,pabr,3,99
mavi,pabr,3,99
caso,pabr,3,99
roba,guol,3,99
pabr,guol,3,99
mavi,guol,3,99
caso,guol,3,99
roba,mavi,3,99
pabr,mavi,3,99
guol,mavi,3,99
caso,mavi,3,99
roba,caso,3,99
pabr,caso,3,99
guol,caso,3,99
mavi,caso,3,99
RoLaFiCo,DoSr,2,1
FiLaDiSv,DoSr,2,1
ReLa,DoSr,2,1
MiPeIBeELeAtCu,DoSr,2,1
CeNaDuCiEtDeLiAn,DoSr,2,1
RoLaFiCo,LaFeEn,2,1
FiLaDiSv,LaFeEn,2,1
ReLa,LaFeEn,2,1
MiPeIBeELeAtCu,LaFeEn,2,1
CeNaDuCiEtDeLiAn,LaFeEn,2,1
RoLaFiCo,RaCi,2,1
FiLaDiSv,RaCi,2,1
ReLa,RaCi,2,1
MiPeIBeELeAtCu,RaCi,2,1
CeNaDuCiEtDeLiAn,RaCi,2,1
DoSr,roba,3,99
LaFeEn,roba,3,99
RaCi,roba,3,99
DoSr,pabr,3,99
LaFeEn,pabr,3,99
RaCi,pabr,3,99
DoSr,guol,3,99
LaFeEn,guol,3,99
RaCi,guol,3,99
DoSr,mavi,3,99
LaFeEn,mavi,3,99
RaCi,mavi,3,99
DoSr,caso,3,99
LaFeEn,caso,3,99
RaCi,caso,3,99
roba,DoSr,3,99
roba,LaFeEn,3,99
roba,RaCi,3,99
pabr,DoSr,3,99
pabr,LaFeEn,3,99
pabr,RaCi,3,99
guol,DoSr,3,99
guol,LaFeEn,3,99
guol,RaCi,3,99
mavi,DoSr,3,99
mavi,LaFeEn,3,99
mavi,RaCi,3,99
caso,DoSr,3,99
caso,LaFeEn,3,99
caso,RaCi,3,99
bioa,Tou,1,99
phav,Tou,1,99
adpi,Tou,1,99
bedr,Tou,1,99
rasi,Tou,1,99
alka,Tou,1,99
mabo,Tou,1,99
MaFil,Tou,1,99
RoPr,Tou,1,99
Pin,Tou,1,99
Ag,Tou,1,99
LeFiDeLe,Tou,1,99
4PrFi,Tou,1,99
MitMe,Tou,2,1
Eu,Tou,2,1
bioa,phav,3,99
bioa,adpi,3,99
bioa,bedr,3,99
bioa,rasi,3,99
bioa,alka,3,99
bioa,mabo,3,99
phav,bioa,3,99
adpi,bioa,3,99
bedr,bioa,3,99
rasi,bioa,3,99
alka,bioa,3,99
mabo,bioa,3,99
phav,adpi,3,99
phav,bedr,3,99
phav,rasi,3,99
phav,alka,3,99
phav,mabo,3,99
adpi,phav,3,99
bedr,phav,3,99
rasi,phav,3,99
alka,phav,3,99
mabo,phav,3,99
adpi,bedr,3,99
adpi,rasi,3,99
adpi,alka,3,99
adpi,mabo,3,99
bedr,adpi,3,99
rasi,adpi,3,99
alka,adpi,3,99
mabo,adpi,3,99
bedr,rasi,3,99
bedr,alka,3,99
bedr,mabo,3,99
rasi,bedr,3,99
alka,bedr,3,99
mabo,bedr,3,99
rasi,alka,3,99
rasi,mabo,3,99
alka,rasi,3,99
mabo,rasi,3,99
mabo,alka,3,99
alka,mabo,3,99
MitMe,MaFil,2,1
MitMe,RoPr,2,1
MitMe,Pin,2,1
MitMe,Ag,2,1
MitMe,LeFiDeLe,2,1
MitMe,4PrFi,2,1
Eu,MaFil,2,1
Eu,RoPr,2,1
Eu,Pin,2,1
Eu,Ag,2,1
Eu,LeFiDeLe,2,1
Eu,4PrFi,2,1
MaFil,bioa,3,99
MaFil,phav,3,99
MaFil,adpi,3,99
MaFil,bedr,3,99
MaFil,rasi,3,99
MaFil,alka,3,99
MaFil,mabo,3,99
bioa,MaFil,3,99
phav,MaFil,3,99
adpi,MaFil,3,99
bedr,MaFil,3,99
rasi,MaFil,3,99
alka,MaFil,3,99
mabo,MaFil,3,99
RoPr,bioa,3,99
RoPr,phav,3,99
RoPr,adpi,3,99
RoPr,bedr,3,99
RoPr,rasi,3,99
RoPr,alka,3,99
RoPr,mabo,3,99
bioa,RoPr,3,99
phav,RoPr,3,99
adpi,RoPr,3,99
bedr,RoPr,3,99
rasi,RoPr,3,99
alka,RoPr,3,99
mabo,RoPr,3,99
Pin,bioa,3,99
Pin,phav,3,99
Pin,adpi,3,99
Pin,bedr,3,99
Pin,rasi,3,99
Pin,alka,3,99
Pin,mabo,3,99
bioa,Pin,3,99
phav,Pin,3,99
adpi,Pin,3,99
bedr,Pin,3,99
rasi,Pin,3,99
alka,Pin,3,99
mabo,Pin,3,99
Ag,bioa,3,99
Ag,phav,3,99
Ag,adpi,3,99
Ag,bedr,3,99
Ag,rasi,3,99
Ag,alka,3,99
Ag,mabo,3,99
bioa,Ag,3,99
phav,Ag,3,99
adpi,Ag,3,99
bedr,Ag,3,99
rasi,Ag,3,99
alka,Ag,3,99
mabo,Ag,3,99
LeFiDeLe,bioa,3,99
LeFiDeLe,phav,3,99
LeFiDeLe,adpi,3,99
LeFiDeLe,bedr,3,99
LeFiDeLe,rasi,3,99
LeFiDeLe,alka,3,99
LeFiDeLe,mabo,3,99
bioa,LeFiDeLe,3,99
phav,LeFiDeLe,3,99
adpi,LeFiDeLe,3,99
bedr,LeFiDeLe,3,99
rasi,LeFiDeLe,3,99
alka,LeFiDeLe,3,99
mabo,LeFiDeLe,3,99
4PrFi,bioa,3,99
4PrFi,phav,3,99
4PrFi,adpi,3,99
4PrFi,bedr,3,99
4PrFi,rasi,3,99
4PrFi,alka,3,99
4PrFi,mabo,3,99
bioa,4PrFi,3,99
phav,4PrFi,3,99
adpi,4PrFi,3,99
bedr,4PrFi,3,99
rasi,4PrFi,3,99
alka,4PrFi,3,99
mabo,4PrFi,3,99
mome,Tes,1,99
anmu,Tes,1,99
erme,Tes,1,99
In,Tes,1,99
HuNaFiFo,Tes,2,1
mome,anmu,3,99
mome,erme,3,99
anmu,mome,3,99
erme,mome,3,99
anmu,erme,3,99
erme,anmu,3,99
HuNaFiFo,In,2,1
In,mome,3,99
In,anmu,3,99
In,erme,3,99
mome,In,3,99
anmu,In,3,99
erme,In,3,99
giro,Fuo,1,99
dopa,Fuo,1,99
21Un,Fuo,1,99
ArFrCi,Fuo,1,99
RaCi,Fuo,1,99
StEn,Fuo,1,99
InLuCi,Fuo,2,1
giro,dopa,3,99
dopa,giro,3,99
InLuCi,21Un,2,1
InLuCi,ArFrCi,2,1
InLuCi,RaCi,2,1
InLuCi,StEn,2,1
21Un,giro,3,99
ArFrCi,giro,3,99
RaCi,giro,3,99
StEn,giro,3,99
giro,21Un,3,99
giro,ArFrCi,3,99
giro,RaCi,3,99
giro,StEn,3,99
21Un,dopa,3,99
ArFrCi,dopa,3,99
RaCi,dopa,3,99
StEn,dopa,3,99
dopa,21Un,3,99
dopa,ArFrCi,3,99
dopa,RaCi,3,99
dopa,StEn,3,99
JaPaFiPr,Tax,1,99
viqu,Bai,1,99
yash,Bai,1,99
juwa,Bai,1,99
dazh,Bai,1,99
OmMe,Bai,1,99
BoEnCh,Bai,1,99
ChFiGrCo,Bai,1,99
viqu,yash,3,99
viqu,juwa,3,99
viqu,dazh,3,99
yash,viqu,3,99
juwa,viqu,3,99
dazh,viqu,3,99
yash,juwa,3,99
yash,dazh,3,99
juwa,yash,3,99
dazh,yash,3,99
juwa,dazh,3,99
dazh,juwa,3,99
OmMe,viqu,3,99
OmMe,yash,3,99
OmMe,juwa,3,99
OmMe,dazh,3,99
viqu,OmMe,3,99
yash,OmMe,3,99
juwa,OmMe,3,99
dazh,OmMe,3,99
BoEnCh,viqu,3,99
BoEnCh,yash,3,99
BoEnCh,juwa,3,99
BoEnCh,dazh,3,99
viqu,BoEnCh,3,99
yash,BoEnCh,3,99
juwa,BoEnCh,3,99
dazh,BoEnCh,3,99
ChFiGrCo,viqu,3,99
ChFiGrCo,yash,3,99
ChFiGrCo,juwa,3,99
ChFiGrCo,dazh,3,99
viqu,ChFiGrCo,3,99
yash,ChFiGrCo,3,99
juwa,ChFiGrCo,3,99
dazh,ChFiGrCo,3,99
cane,Poz,1,99
adso,Poz,1,99
HaHuEn,Poz,1,99
HbEu,Poz,1,99
PaFilm,Poz,1,99
CeNaAlCi,Poz,2,1
CeNaAlCi,HaHuEn,2,1
CeNaAlCi,HbEu,2,1
CeNaAlCi,PaFilm,2,1
cane,adso,3,99
adso,cane,3,99
cane,HaHuEn,3,99
cane,HbEu,3,99
cane,PaFilm,3,99
HaHuEn,cane,3,99
HbEu,cane,3,99
PaFilm,cane,3,99
HaHuEn,adso,3,99
HbEu,adso,3,99
PaFilm,adso,3,99
adso,HaHuEn,3,99
adso,HbEu,3,99
adso,PaFilm,3,99
MiDeBeEDeAtCuEDeTu,Fuo,2,1
MiDeBeEDeAtCuEDeTu,21Un,2,1
MiDeBeEDeAtCuEDeTu,RaCi,2,1
MiDeBeEDeAtCuEDeTu,StEn,2,1
MiDeBeEDeAtCuEDeTu,ArFrCi,2,1
De,Quo,1,99
Co99Fi,Quo,1,99
DiCu,Quo,1,99
N2En,Quo,1,99
RaFiPr,Quo,1,99
ExEm,Quo,1,99
InPr,Quo,1,99
ToAs,Quo,1,99
Fi,Quo,2,1
MeBe,Quo,2,1
OrFi,Quo,2,1
ÖsFi,Quo,2,1
PoFi,Quo,2,1
jazb,Quo,1,99
daib,Quo,1,99
jazb,daib,3,99
daib,jazb,3,99
Fi,De,2,1
MeBe,De,2,1
OrFi,De,2,1
ÖsFi,De,2,1
PoFi,De,2,1
Fi,Co99Fi,2,2
MeBe,Co99Fi,2,2
OrFi,Co99Fi,2,1
ÖsFi,Co99Fi,2,1
PoFi,Co99Fi,2,1
Fi,DiCu,2,1
MeBe,DiCu,2,1
OrFi,DiCu,2,1
ÖsFi,DiCu,2,1
PoFi,DiCu,2,1
Fi,N2En,2,1
MeBe,N2En,2,1
OrFi,N2En,2,1
ÖsFi,N2En,2,1
PoFi,N2En,2,1
Fi,RaFiPr,2,1
MeBe,RaFiPr,2,1
OrFi,RaFiPr,2,1
ÖsFi,RaFiPr,2,1
PoFi,RaFiPr,2,1
Fi,ExEm,2,1
MeBe,ExEm,2,1
OrFi,ExEm,2,1
ÖsFi,ExEm,2,1
PoFi,ExEm,2,1
Fi,InPr,2,1
MeBe,InPr,2,1
OrFi,InPr,2,1
ÖsFi,InPr,2,1
PoFi,InPr,2,1
Fi,ToAs,2,1
MeBe,ToAs,2,1
OrFi,ToAs,2,1
ÖsFi,ToAs,2,1
PoFi,ToAs,2,1
De,jazb,3,99
Co99Fi,jazb,3,99
DiCu,jazb,3,99
N2En,jazb,3,99
RaFiPr,jazb,3,99
ExEm,jazb,3,99
InPr,jazb,3,99
ToAs,jazb,3,99
jazb,De,3,99
jazb,Co99Fi,3,99
jazb,DiCu,3,99
jazb,N2En,3,99
jazb,RaFiPr,3,99
jazb,ExEm,3,99
jazb,InPr,3,99
jazb,ToAs,3,99
De,daib,3,99
Co99Fi,daib,3,99
DiCu,daib,3,99
N2En,daib,3,99
RaFiPr,daib,3,99
ExEm,daib,3,99
InPr,daib,3,99
ToAs,daib,3,99
daib,De,3,99
daib,Co99Fi,3,99
daib,DiCu,3,99
daib,N2En,3,99
daib,RaFiPr,3,99
daib,ExEm,3,99
daib,InPr,3,99
daib,ToAs,3,99